Tabell P1M b.  Anmälda brott, efter brottstyp, ackumulerat under innevarande år, jämförelse med motsvarande period föregående år samt antal brott per 100 000 invånare, preliminär statistik, i hela landet, 2024.;;;;;
Lagrum;Brottstyp;Antal brott totalt, ackumulerat under jan-dec 2024;Förändring jämfört med motsvarande period 2023, i antal;Förändring jämfört med motsvarande period 2023, i procent;Antal brott per 100 000 invånare, ackumulerat under 2024
SAMTLIGA BROTT;SAMTLIGA BROTT;1478 879 ;-21 760 ;- 1 ;14 016 
Brott mot brottsbalken;Brott mot brottsbalken, totalt;1183 665 ;-44 564 ;- 4 ;11 218 
BrB 3-7 kap. Brott mot person;Brott mot person, totalt;308 967 ;15 855 ; 5 ;2 928 
3 kap. Brott mot liv och hälsa;Brott mot liv och hälsa, totalt;95 509 ;3 006 ; 3 ; 905 
3 kap. 1-2 § BrB Fullbordat mord och dråp;Fullbordat mord och dråp, totalt; 501 ; 16 ; 3 ; 5 
3 kap. 1-2 § BrB Fullbordat mord och dråp;Mot kvinna/flicka; 171 ;- 10 ;- 6 ; 2 
3 kap. 1-2 § BrB Fullbordat mord och dråp;Mot kvinna/flicka, med användning av skjutvapen; 12 ;- 6 ;- 33 ; 0 
3 kap. 1-2 § BrB Fullbordat mord och dråp;Mot kvinna/flicka, utan användning av skjutvapen; 159 ;- 4 ;- 2 ; 2 
3 kap. 1-2 § BrB Fullbordat mord och dråp;Mot man/pojke; 330 ; 26 ; 9 ; 3 
3 kap. 1-2 § BrB Fullbordat mord och dråp;Mot man/pojke, med användning av skjutvapen; 77 ;- 6 ;- 7 ; 1 
3 kap. 1-2 § BrB Fullbordat mord och dråp;Mot man/pojke, utan användning av skjutvapen; 253 ; 32 ; 14 ; 2 
3 kap. 1, 2 § BrB Försök till mord eller dråp;Försök till mord eller dråp, totalt;1 353 ; 33 ; 3 ; 13 
3 kap. 1, 2 § BrB Försök till mord eller dråp;Mot barn under 18 år; 137 ;- 1 ;- 1 ; 1 
3 kap. 1, 2 § BrB Försök till mord eller dråp;Mot flicka under 18 år; 32 ;- 1 ;- 3 ; 0 
3 kap. 1, 2 § BrB Försök till mord eller dråp;Mot pojke under 18 år; 105 ;- ;- ; 1 
3 kap. 1, 2 § BrB Försök till mord eller dråp;Mot kvinna 18 år eller äldre; 218 ;- ;- ; 2 
3 kap. 1, 2 § BrB Försök till mord eller dråp;Mot kvinna 18 år eller äldre, närstående genom parrelation; 61 ; 17 ; 39 ; 1 
3 kap. 1, 2 § BrB Försök till mord eller dråp;Mot kvinna 18 år eller äldre, närstående genom släktskap/familj; 15 ;- 5 ;- 25 ; 0 
3 kap. 1, 2 § BrB Försök till mord eller dråp;Mot kvinna 18 år eller äldre, annan sorts relation eller bekantskap; 50 ;- 1 ;- 2 ; 0 
3 kap. 1, 2 § BrB Försök till mord eller dråp;Mot kvinna 18 år eller äldre, obekanta; 92 ;- 11 ;- 11 ; 1 
3 kap. 1, 2 § BrB Försök till mord eller dråp;Mot man 18 år eller äldre; 998 ; 34 ; 4 ; 9 
3 kap. 1, 2 § BrB Försök till mord eller dråp;Mot man 18 år eller äldre, närstående genom parrelation; 23 ;- 9 ;- 28 ; 0 
3 kap. 1, 2 § BrB Försök till mord eller dråp;Mot man 18 år eller äldre, närstående genom släktskap/familj; 29 ;- 5 ;- 15 ; 0 
3 kap. 1, 2 § BrB Försök till mord eller dråp;Mot man 18 år eller äldre, annan sorts relation eller bekantskap; 168 ;- 73 ;- 30 ; 2 
3 kap. 1, 2 § BrB Försök till mord eller dråp;Mot man 18 år eller äldre, obekanta; 778 ; 121 ; 18 ; 7 
3 kap. 3 § BrB Barnadråp 3 §;Barnadråp, totalt; 1 ;- ;- ; 0 
3 kap. 5, 6 § BrB Misshandel inkl. grov;Misshandel, totalt;88 387 ;2 788 ; 3 ; 838 
3 kap. 5, 6 § BrB Misshandel inkl. grov;Mot barn 0-6 år;3 905 ; 124 ; 3 ; 37 
3 kap. 5, 6 § BrB Misshandel inkl. grov;Mot flicka 0-6 år;1 633 ; 157 ; 11 ; 15 
3 kap. 5, 6 § BrB Misshandel inkl. grov;Mot flicka 0-6 år, bekant med offret;1 564 ; 127 ; 9 ; 15 
3 kap. 5, 6 § BrB Misshandel inkl. grov;Mot flicka 0-6 år, bekant med offret, utomhus; 98 ; 17 ; 21 ; 1 
3 kap. 5, 6 § BrB Misshandel inkl. grov;Mot flicka 0-6 år, bekant med offret inomhus;1 466 ; 110 ; 8 ; 14 
3 kap. 5, 6 § BrB Misshandel inkl. grov;Mot flicka 0-6 år, obekant med offret; 69 ; 30 ; 77 ; 1 
3 kap. 5, 6 § BrB Misshandel inkl. grov;Mot flicka 0-6 år, obekant med offret, utomhus; 35 ; 15 ; 75 ; 0 
3 kap. 5, 6 § BrB Misshandel inkl. grov;Mot flicka 0-6 år, obekant med offret, inomhus; 34 ; 15 ; 79 ; 0 
3 kap. 5, 6 § BrB Misshandel inkl. grov;Mot pojke 0-6 år;2 272 ;- 33 ;- 1 ; 22 
3 kap. 5, 6 § BrB Misshandel inkl. grov;Mot pojke 0-6 år, bekant med offret;2 183 ;- 32 ;- 1 ; 21 
3 kap. 5, 6 § BrB Misshandel inkl. grov;Mot pojke 0-6 år, bekant med offret, utomhus; 175 ; 18 ; 11 ; 2 
3 kap. 5, 6 § BrB Misshandel inkl. grov;Mot pojke 0-6 år, bekant med offret, inomhus;2 008 ;- 50 ;- 2 ; 19 
3 kap. 5, 6 § BrB Misshandel inkl. grov;Mot pojke 0-6 år, obekant med offret; 89 ;- 1 ;- 1 ; 1 
3 kap. 5, 6 § BrB Misshandel inkl. grov;Mot pojke 0-6 år, obekant med offret, utomhus; 59 ; 2 ; 4 ; 1 
3 kap. 5, 6 § BrB Misshandel inkl. grov;Mot pojke 0-6 år, obekant med offret, inomhus; 30 ;- 3 ;- 9 ; 0 
3 kap. 5, 6 § BrB Misshandel inkl. grov;Mot barn 7-14 år;14 735 ; 594 ; 4 ; 140 
3 kap. 5, 6 § BrB Misshandel inkl. grov;Mot flicka 7-14 år;5 729 ; 313 ; 6 ; 54 
3 kap. 5, 6 § BrB Misshandel inkl. grov;Mot flicka 7-14 år, bekant med offret;5 142 ; 353 ; 7 ; 49 
3 kap. 5, 6 § BrB Misshandel inkl. grov;Mot flicka 7-14 år, bekant med offret, utomhus;1 074 ; 141 ; 15 ; 10 
3 kap. 5, 6 § BrB Misshandel inkl. grov;Mot flicka 7-14 år, bekant med offret, inomhus;4 068 ; 212 ; 5 ; 39 
3 kap. 5, 6 § BrB Misshandel inkl. grov;Mot flicka 7-14 år, obekant med offret; 587 ;- 40 ;- 6 ; 6 
3 kap. 5, 6 § BrB Misshandel inkl. grov;Mot flicka 7-14 år, obekant med offret, utomhus; 391 ;- 48 ;- 11 ; 4 
3 kap. 5, 6 § BrB Misshandel inkl. grov;Mot flicka 7-14 år, obekant med offret, inomhus; 196 ; 8 ; 4 ; 2 
3 kap. 5, 6 § BrB Misshandel inkl. grov;Mot pojke 7-14 år;9 006 ; 281 ; 3 ; 85 
3 kap. 5, 6 § BrB Misshandel inkl. grov;Mot pojke 7-14 år, bekant med offret;7 489 ; 372 ; 5 ; 71 
3 kap. 5, 6 § BrB Misshandel inkl. grov;Mot pojke 7-14 år, bekant med offret, utomhus;2 148 ; 147 ; 7 ; 20 
3 kap. 5, 6 § BrB Misshandel inkl. grov;Mot pojke 7-14 år, bekant med offret, inomhus;5 341 ; 225 ; 4 ; 51 
3 kap. 5, 6 § BrB Misshandel inkl. grov;Mot pojke 7-14 år, obekant med offret;1 517 ;- 91 ;- 6 ; 14 
3 kap. 5, 6 § BrB Misshandel inkl. grov;Mot pojke 7-14 år, obekant med offret, utomhus;1 102 ;- 71 ;- 6 ; 10 
3 kap. 5, 6 § BrB Misshandel inkl. grov;Mot pojke 7-14 år, obekant med offret, inomhus; 415 ;- 20 ;- 5 ; 4 
3 kap. 5, 6 § BrB Misshandel inkl. grov;Mot barn 15-17 år;7 142 ; 137 ; 2 ; 68 
3 kap. 5, 6 § BrB Misshandel inkl. grov;Mot flicka 15-17 år;2 861 ; 148 ; 5 ; 27 
3 kap. 5, 6 § BrB Misshandel inkl. grov;Mot flicka 15-17 år, bekant med offret;2 349 ; 184 ; 8 ; 22 
3 kap. 5, 6 § BrB Misshandel inkl. grov;Mot flicka 15-17 år, bekant med offret, utomhus; 627 ; 47 ; 8 ; 6 
3 kap. 5, 6 § BrB Misshandel inkl. grov;Mot flicka 15-17 år, bekant med offret, inomhus;1 722 ; 137 ; 9 ; 16 
3 kap. 5, 6 § BrB Misshandel inkl. grov;Mot flicka 15-17 år, obekant med offret; 512 ;- 36 ;- 7 ; 5 
3 kap. 5, 6 § BrB Misshandel inkl. grov;Mot flicka 15-17 år, obekant med offret, utomhus; 345 ; 17 ; 5 ; 3 
3 kap. 5, 6 § BrB Misshandel inkl. grov;Mot flicka 15-17 år, obekant med offret, inomhus; 167 ;- 53 ;- 24 ; 2 
3 kap. 5, 6 § BrB Misshandel inkl. grov;Mot pojke 15-17 år;4 281 ;- 11 ;- 0 ; 41 
3 kap. 5, 6 § BrB Misshandel inkl. grov;Mot pojke 15-17 år, bekant med offret;2 637 ;- 8 ;- 0 ; 25 
3 kap. 5, 6 § BrB Misshandel inkl. grov;Mot pojke 15-17 år, bekant med offret, utomhus;1 123 ; 41 ; 4 ; 11 
3 kap. 5, 6 § BrB Misshandel inkl. grov;Mot pojke 15-17 år, bekant med offret, inomhus;1 514 ;- 49 ;- 3 ; 14 
3 kap. 5, 6 § BrB Misshandel inkl. grov;Mot pojke 15-17 år, obekant med offret;1 644 ;- 3 ;- 0 ; 16 
3 kap. 5, 6 § BrB Misshandel inkl. grov;Mot pojke 15-17 år, obekant med offret, utomhus;1 243 ;- 22 ;- 2 ; 12 
3 kap. 5, 6 § BrB Misshandel inkl. grov;Mot pojke 15-17 år, obekant med offret, inomhus; 401 ; 19 ; 5 ; 4 
3 kap. 5, 6 § BrB Misshandel inkl. grov;Mot kvinna 18 år eller äldre;31 539 ;1 382 ; 5 ; 299 
3 kap. 5, 6 § BrB Misshandel inkl. grov;Mot kvinna 18 år eller äldre, bekant med offret;25 483 ;1 240 ; 5 ; 242 
3 kap. 5, 6 § BrB Misshandel inkl. grov;Mot kvinna 18 år eller äldre, bekant med offret, utomhus;3 897 ; 29 ; 1 ; 37 
3 kap. 5, 6 § BrB Misshandel inkl. grov;Mot kvinna 18 år eller äldre, bekant med offret, inomhus;21 586 ;1 211 ; 6 ; 205 
3 kap. 5, 6 § BrB Misshandel inkl. grov;Mot kvinna 18 år eller äldre, obekant med offret;6 056 ; 142 ; 2 ; 57 
3 kap. 5, 6 § BrB Misshandel inkl. grov;Mot kvinna 18 år eller äldre, obekant med offret, utomhus;3 081 ; 114 ; 4 ; 29 
3 kap. 5, 6 § BrB Misshandel inkl. grov;Mot kvinna 18 år eller äldre, obekant med offret, inomhus;2 975 ; 28 ; 1 ; 28 
3 kap. 5, 6 § BrB Misshandel inkl. grov;Mot man 18 år eller äldre;31 066 ; 551 ; 2 ; 294 
3 kap. 5, 6 § BrB Misshandel inkl. grov;Mot man 18 år eller äldre, bekant med offret;13 762 ; 565 ; 4 ; 130 
3 kap. 5, 6 § BrB Misshandel inkl. grov;Mot man 18 år eller äldre, bekant med offret, utomhus;4 394 ; 99 ; 2 ; 42 
3 kap. 5, 6 § BrB Misshandel inkl. grov;Mot man 18 år eller äldre, bekant med offret, inomhus;9 368 ; 466 ; 5 ; 89 
3 kap. 5, 6 § BrB Misshandel inkl. grov;Mot man 18 år eller äldre, obekant med offret;17 304 ;- 14 ;- 0 ; 164 
3 kap. 5, 6 § BrB Misshandel inkl. grov;Mot man 18 år eller äldre, obekant med offret, utomhus;11 825 ; 100 ; 1 ; 112 
3 kap. 5, 6 § BrB Misshandel inkl. grov;Mot man 18 år eller äldre, obekant med offret, inomhus;5 479 ;- 114 ;- 2 ; 52 
3 kap. 7, 10 § BrB Vållande till annans död;Vållande till annans död, totalt; 342 ;- 14 ;- 4 ; 3 
3 kap. 7, 10 § BrB Vållande till annans död;I samband med trafikolycka; 118 ; 14 ; 13 ; 1 
3 kap. 7, 10 § BrB Vållande till annans död;I samband med arbetsolycka; 39 ;- 16 ;- 29 ; 0 
3 kap. 7, 10 § BrB Vållande till annans död;Övriga fall; 185 ;- 12 ;- 6 ; 2 
3 kap. 8, 10 § BrB Vållande till kroppskada eller sjukdom (inte i samband med trafikolycka);Vållande till kroppskada eller sjukdom, inte i samband med trafikolycka, totalt;3 922 ; 252 ; 7 ; 37 
3 kap. 8, 10 § BrB Vållande till kroppskada eller sjukdom (inte i samband med trafikolycka);I samband med arbetsolycka;1 784 ;- 97 ;- 5 ; 17 
3 kap. 8, 10 § BrB Vållande till kroppskada eller sjukdom (inte i samband med trafikolycka);Övriga fall;2 138 ; 349 ; 20 ; 20 
3 kap. 9, 10 § BrB Framkallande av fara för annan;Framkallande av fara för annan, totalt;1 003 ;- 69 ;- 6 ; 10 
3 kap. 9, 10 § BrB Framkallande av fara för annan;Som framkallats för arbetstagare; 113 ;- 17 ;- 13 ; 1 
3 kap. 9, 10 § BrB Framkallande av fara för annan;Övriga fall; 890 ;- 52 ;- 6 ; 8 
4 kap. Brott mot frihet och frid;Brott mot frihet och frid, totalt;175 305 ;9 832 ; 6 ;1 661 
4 kap. 1 § BrB Människorov ;Människorov, totalt; 471 ; 4 ; 1 ; 4 
4 kap. 1 a § BrB Människohandel;Människohandel, totalt; 184 ;- 42 ;- 19 ; 2 
4 kap. 1 a § BrB Människohandel;För sexuella ändamål ; 93 ;- 17 ;- 15 ; 1 
4 kap. 1 a § BrB Människohandel;För sexuella ändamål, med barn under 18 år; 10 ; 1 ; 11 ; 0 
4 kap. 1 a § BrB Människohandel;För sexuella ändamål , med person 18 år eller äldre; 83 ;- 18 ;- 18 ; 1 
4 kap. 1 a § BrB Människohandel;För tvångsarbete; 34 ;- 14 ;- 29 ; 0 
4 kap. 1 a § BrB Människohandel;För tvångsarbete, med barn under 18 år; 2 ; 1 ; 100 ; 0 
4 kap. 1 a § BrB Människohandel;För tvångsarbete, med person 18 år eller äldre; 32 ;- 15 ;- 32 ; 0 
4 kap. 1 a § BrB Människohandel;För tiggeri; 2 ; 1 ; 100 ; 0 
4 kap. 1 a § BrB Människohandel;För tiggeri, med barn under 18 år; 1 ; 1 ;. ; 0 
4 kap. 1 a § BrB Människohandel;För tiggeri, med person 18 år eller äldre; 1 ;- ;- ; 0 
4 kap. 1 a § BrB Människohandel;För organhandel;- ;- 1 ;- 100 ;- 
4 kap. 1 a § BrB Människohandel;För organhandel, med barn under 18 år;- ;- ;. ;- 
4 kap. 1 a § BrB Människohandel;För organhandel, med person 18 år eller äldre;- ;- 1 ;- 100 ;- 
4 kap. 1 a § BrB Människohandel;För krigstjänst;- ;- ;. ;- 
4 kap. 1 a § BrB Människohandel;För krigstjänst, med barn under 18 år;- ;- ;. ;- 
4 kap. 1 a § BrB Människohandel;För krigstjänst, med person 18 år eller äldre;- ;- ;. ;- 
4 kap. 1 a § BrB Människohandel;För övriga ändamål; 55 ;- 11 ;- 17 ; 1 
4 kap. 1 a § BrB Människohandel;För övriga ändamål, med barn under 18 år; 9 ;- 1 ;- 10 ; 0 
4 kap. 1 a § BrB Människohandel;För övriga ändamål, med person 18 år eller äldre; 46 ;- 10 ;- 18 ; 0 
4 kap. 1 b § BrB Människoexploatering, inkl. grovt;Människoexploatering, totalt; 160 ; 29 ; 22 ; 2 
4 kap. 1 b § BrB Människoexploatering, inkl. grovt;För tvångsarbete; 150 ; 26 ; 21 ; 1 
4 kap. 1 b § BrB Människoexploatering, inkl. grovt;För tvångsarbete, med barn under 18 år; 3 ;- 2 ;- 40 ; 0 
4 kap. 1 b § BrB Människoexploatering, inkl. grovt;För tvångsarbete, med person 18 år eller äldre; 147 ; 28 ; 24 ; 1 
4 kap. 1 b § BrB Människoexploatering, inkl. grovt;För tiggeri; 10 ; 3 ; 43 ; 0 
4 kap. 1 b § BrB Människoexploatering, inkl. grovt;För tiggeri, med barn under 18 år; 1 ;- 1 ;- 50 ; 0 
4 kap. 1 b § BrB Människoexploatering, inkl. grovt;För tiggeri, med person 18 år eller äldre; 9 ; 4 ; 80 ; 0 
4 kap. 2 § BrB Olaga frihetsberövande;Olaga frihetsberövande, totalt;1 587 ;- 54 ;- 3 ; 15 
4 kap. 2 § BrB Olaga frihetsberövande;Mot barn under 18 år; 510 ; 55 ; 12 ; 5 
4 kap. 2 § BrB Olaga frihetsberövande;Mot flicka under 18 år; 249 ; 25 ; 11 ; 2 
4 kap. 2 § BrB Olaga frihetsberövande;Mot pojke under 18 år; 261 ; 30 ; 13 ; 2 
4 kap. 2 § BrB Olaga frihetsberövande;Mot kvinna 18 år eller äldre; 718 ;- 54 ;- 7 ; 7 
4 kap. 2 § BrB Olaga frihetsberövande;Mot kvinna 18 år eller äldre, närstående genom parrelation; 354 ; 18 ; 5 ; 3 
4 kap. 2 § BrB Olaga frihetsberövande;Mot kvinna 18 år eller äldre, närstående genom släktskap/familj; 62 ;- 10 ;- 14 ; 1 
4 kap. 2 § BrB Olaga frihetsberövande;Mot kvinna 18 år eller äldre, annan sorts relation eller bekantskap; 160 ; 9 ; 6 ; 2 
4 kap. 2 § BrB Olaga frihetsberövande;Mot kvinna 18 år eller äldre, obekanta; 142 ;- 71 ;- 33 ; 1 
4 kap. 2 § BrB Olaga frihetsberövande;Mot man 18 år eller äldre; 359 ;- 55 ;- 13 ; 3 
4 kap. 2 § BrB Olaga frihetsberövande;Mot man 18 år eller äldre, närstående genom parrelation; 27 ; 5 ; 23 ; 0 
4 kap. 2 § BrB Olaga frihetsberövande;Mot man 18 år eller äldre, närstående genom släktskap/familj; 26 ;- 2 ;- 7 ; 0 
4 kap. 2 § BrB Olaga frihetsberövande;Mot man 18 år eller äldre, annan sorts relation eller bekantskap; 94 ;- 13 ;- 12 ; 1 
4 kap. 2 § BrB Olaga frihetsberövande;Mot man 18 år eller äldre, obekanta; 212 ;- 45 ;- 18 ; 2 
4 kap. 3 § BrB Barnfridsbrott;Barnfridsbrott, totalt;11 752 ;1 072 ; 10 ; 111 
4 kap. 3 § BrB Barnfridsbrott;Mot flicka under 18 år;5 862 ; 702 ; 14 ; 56 
4 kap. 3 § BrB Barnfridsbrott;Mot pojke under 18 år;5 890 ; 370 ; 7 ; 56 
4 kap 4 § BrB Olaga tvång;Olaga tvång, totalt;1 114 ;- 13 ;- 1 ; 11 
4 kap 4 § BrB Olaga tvång;Mot barn under 18 år; 416 ; 14 ; 3 ; 4 
4 kap 4 § BrB Olaga tvång;Mot flicka under 18 år; 154 ; 13 ; 9 ; 1 
4 kap 4 § BrB Olaga tvång;Mot pojke under 18 år; 262 ; 1 ; 0 ; 2 
4 kap 4 § BrB Olaga tvång;Mot kvinna 18 år eller äldre; 353 ;- 17 ;- 5 ; 3 
4 kap 4 § BrB Olaga tvång;Mot kvinna 18 år eller äldre, närstående genom parrelation; 154 ;- 8 ;- 5 ; 1 
4 kap 4 § BrB Olaga tvång;Mot kvinna 18 år eller äldre, närstående genom släktskap/familj; 24 ; 5 ; 26 ; 0 
4 kap 4 § BrB Olaga tvång;Mot kvinna 18 år eller äldre, annan sorts relation eller bekantskap; 90 ; 1 ; 1 ; 1 
4 kap 4 § BrB Olaga tvång;Mot kvinna 18 år eller äldre, obekanta; 85 ;- 15 ;- 15 ; 1 
4 kap 4 § BrB Olaga tvång;Mot man 18 år eller äldre; 345 ;- 10 ;- 3 ; 3 
4 kap 4 § BrB Olaga tvång;Mot man 18 år eller äldre, närstående genom parrelation; 20 ; 4 ; 25 ; 0 
4 kap 4 § BrB Olaga tvång;Mot man 18 år eller äldre, närstående genom släktskap/familj; 13 ;- 3 ;- 19 ; 0 
4 kap 4 § BrB Olaga tvång;Mot man 18 år eller äldre, annan sorts relation eller bekantskap; 120 ;- ;- ; 1 
4 kap 4 § BrB Olaga tvång;Mot man 18 år eller äldre, obekanta; 192 ;- 11 ;- 5 ; 2 
4 kap 4 a § 1 st. BrB Grov fridskränkning ;Grov fridskränkning, totalt; 813 ;- 142 ;- 15 ; 8 
4 kap 4 a § 1 st. BrB Grov fridskränkning ;Mot barn under 18 år; 598 ;- 153 ;- 20 ; 6 
4 kap 4 a § 1 st. BrB Grov fridskränkning ;Mot flicka under 18 år; 313 ;- 66 ;- 17 ; 3 
4 kap 4 a § 1 st. BrB Grov fridskränkning ;Mot pojke under 18 år; 285 ;- 87 ;- 23 ; 3 
4 kap 4 a § 1 st. BrB Grov fridskränkning ;Mot kvinna 18 år eller äldre; 131 ; 3 ; 2 ; 1 
4 kap 4 a § 1 st. BrB Grov fridskränkning ;Mot kvinna 18 år eller äldre, närstående genom parrelation; 94 ;- 1 ;- 1 ; 1 
4 kap 4 a § 1 st. BrB Grov fridskränkning ;Mot kvinna 18 år eller äldre, närstående genom släktskap/familj; 37 ; 4 ; 12 ; 0 
4 kap 4 a § 1 st. BrB Grov fridskränkning ;Mot man 18 år eller äldre; 84 ; 8 ; 11 ; 1 
4 kap 4 a § 1 st. BrB Grov fridskränkning ;Mot man 18 år eller äldre, närstående genom parrelation; 66 ; 6 ; 10 ; 1 
4 kap 4 a § 1 st. BrB Grov fridskränkning ;Mot man 18 år eller äldre, närstående genom släktskap/familj; 18 ; 2 ; 13 ; 0 
4 kap 4 a § 2 st. BrB Grov kvinnofridskränkning ;Grov kvinnofridskränkning, totalt;1 040 ;- 79 ;- 7 ; 10 
4 kap 4 b § BrB Olaga förföljelse;Olaga förföljelse, totalt; 560 ; 37 ; 7 ; 5 
4 kap 4 b § BrB Olaga förföljelse;Mot barn under 18 år; 26 ;- 3 ;- 10 ; 0 
4 kap 4 b § BrB Olaga förföljelse;Mot flicka under 18 år; 17 ;- 3 ;- 15 ; 0 
4 kap 4 b § BrB Olaga förföljelse;Mot pojke under 18 år; 9 ;- ;- ; 0 
4 kap 4 b § BrB Olaga förföljelse;Mot kvinna 18 år eller äldre; 387 ; 30 ; 8 ; 4 
4 kap 4 b § BrB Olaga förföljelse;Mot kvinna 18 år eller äldre, närstående genom parrelation; 172 ; 35 ; 26 ; 2 
4 kap 4 b § BrB Olaga förföljelse;Mot kvinna 18 år eller äldre, närstående genom släktskap/familj; 17 ;- 3 ;- 15 ; 0 
4 kap 4 b § BrB Olaga förföljelse;Mot kvinna 18 år eller äldre, annan sorts relation eller bekantskap; 118 ; 19 ; 19 ; 1 
4 kap 4 b § BrB Olaga förföljelse;Mot kvinna 18 år eller äldre, obekanta; 80 ;- 21 ;- 21 ; 1 
4 kap 4 b § BrB Olaga förföljelse;Mot man 18 år eller äldre; 147 ; 10 ; 7 ; 1 
4 kap 4 b § BrB Olaga förföljelse;Mot man 18 år eller äldre, närstående genom parrelation; 28 ; 2 ; 8 ; 0 
4 kap 4 b § BrB Olaga förföljelse;Mot man 18 år eller äldre, närstående genom släktskap/familj; 13 ; 7 ; 117 ; 0 
4 kap 4 b § BrB Olaga förföljelse;Mot man 18 år eller äldre, annan sorts relation eller bekantskap; 59 ; 6 ; 11 ; 1 
4 kap 4 b § BrB Olaga förföljelse;Mot man 18 år eller äldre, obekanta; 47 ;- 5 ;- 10 ; 0 
4 kap 4 c § BrB Äktenskapstvång;Äktenskapstvång; 33 ; 5 ; 18 ; 0 
4 kap 4 c § 3 st. BrB Barnäktenskapsbrott;Barnäktenskapsbrott ; 46 ;- 9 ;- 16 ; 0 
4 kap 4 d § BrB Vilseledande till äktenskapsresa;Vilseledande till äktenskapsresa ; 9 ;- 4 ;- 31 ; 0 
4 kap. 4 e § BrB Hedersförtryck;Hedersförtryck, totalt; 54 ;- 20 ;- 27 ; 1 
4 kap. 4 e § BrB Hedersförtryck;Mot barn under 18 år; 31 ;- 5 ;- 14 ; 0 
4 kap. 4 e § BrB Hedersförtryck;Mot flicka under 18 år; 27 ;- 7 ;- 21 ; 0 
4 kap. 4 e § BrB Hedersförtryck;Mot pojke under 18 år; 4 ; 2 ; 100 ; 0 
4 kap. 4 e § BrB Hedersförtryck;Mot kvinna 18 år eller äldre; 22 ;- 11 ;- 33 ; 0 
4 kap. 4 e § BrB Hedersförtryck;Mot man 18 år eller äldre; 1 ;- 4 ;- 80 ; 0 
4 kap. 5 § BrB Olaga hot;Olaga hot, totalt;50 438 ; 247 ; 0 ; 478 
4 kap. 5 § BrB Olaga hot;Mot barn under 18 år;8 241 ; 285 ; 4 ; 78 
4 kap. 5 § BrB Olaga hot;Mot flicka under 18 år;3 567 ; 221 ; 7 ; 34 
4 kap. 5 § BrB Olaga hot;Mot flicka under 18 år, internetrelaterat;1 094 ; 167 ; 18 ; 10 
4 kap. 5 § BrB Olaga hot;Mot flicka under 18 år, ej internetrelaterat;2 473 ; 54 ; 2 ; 23 
4 kap. 5 § BrB Olaga hot;Mot pojke under 18 år;4 674 ; 64 ; 1 ; 44 
4 kap. 5 § BrB Olaga hot;Mot pojke under 18 år, internetrelaterat; 934 ; 123 ; 15 ; 9 
4 kap. 5 § BrB Olaga hot;Mot pojke under 18 år, ej internetrelaterat;3 740 ;- 59 ;- 2 ; 35 
4 kap. 5 § BrB Olaga hot;Mot kvinna 18 år eller äldre;20 051 ; 538 ; 3 ; 190 
4 kap. 5 § BrB Olaga hot;Mot kvinna 18 år eller äldre närstående genom parrelation;7 547 ; 277 ; 4 ; 72 
4 kap. 5 § BrB Olaga hot;Mot kvinna 18 år eller äldre närstående genom parrelation, internetrelaterat; 972 ; 169 ; 21 ; 9 
4 kap. 5 § BrB Olaga hot;Mot kvinna 18 år eller äldre närstående genom parrelation, ej internetrelaterat;6 575 ; 108 ; 2 ; 62 
4 kap. 5 § BrB Olaga hot;Mot kvinna 18 år eller äldre närstående genom släktskap/familj;2 112 ; 26 ; 1 ; 20 
4 kap. 5 § BrB Olaga hot;Mot kvinna 18 år eller äldre närstående genom släktskap/familj, internetrelaterat; 294 ; 55 ; 23 ; 3 
4 kap. 5 § BrB Olaga hot;Mot kvinna 18 år eller äldre närstående genom släktskap/familj, ej internetrelaterat;1 818 ;- 29 ;- 2 ; 17 
4 kap. 5 § BrB Olaga hot;Mot kvinna 18 år eller äldre, annan sorts relation eller bekantskap;5 153 ; 99 ; 2 ; 49 
4 kap. 5 § BrB Olaga hot;Mot kvinna 18 år eller äldre, annan sorts relation eller bekantskap, internetrelaterat;1 124 ; 111 ; 11 ; 11 
4 kap. 5 § BrB Olaga hot;Mot kvinna 18 år eller äldre, annan sorts relation eller bekantskap, ej internetrelaterat;4 029 ;- 12 ;- 0 ; 38 
4 kap. 5 § BrB Olaga hot;Mot kvinna 18 år eller äldre, obekanta;5 239 ; 136 ; 3 ; 50 
4 kap. 5 § BrB Olaga hot;Mot kvinna 18 år eller äldre, obekanta, internetrelaterat;1 252 ; 182 ; 17 ; 12 
4 kap. 5 § BrB Olaga hot;Mot kvinna 18 år eller äldre, obekanta, ej internetrelaterat;3 987 ;- 46 ;- 1 ; 38 
4 kap. 5 § BrB Olaga hot;Mot man 18 år eller äldre;19 389 ;- 342 ;- 2 ; 184 
4 kap. 5 § BrB Olaga hot;Mot man 18 år eller äldre, närstående genom parrelation;1 180 ; 106 ; 10 ; 11 
4 kap. 5 § BrB Olaga hot;Mot man 18 år eller äldre, närstående genom parrelation, internetrelaterat; 182 ; 20 ; 12 ; 2 
4 kap. 5 § BrB Olaga hot;Mot man 18 år eller äldre, närstående genom parrelation, ej internetrelaterat; 998 ; 86 ; 9 ; 9 
4 kap. 5 § BrB Olaga hot;Mot man 18 år eller äldre, närstående genom släktskap/familj;1 580 ; 56 ; 4 ; 15 
4 kap. 5 § BrB Olaga hot;Mot man 18 år eller äldre, närstående genom släktskap/familj, internetrelaterat; 217 ; 7 ; 3 ; 2 
4 kap. 5 § BrB Olaga hot;Mot man 18 år eller äldre, närstående genom släktskap/familj, ej internetrelaterat;1 363 ; 49 ; 4 ; 13 
4 kap. 5 § BrB Olaga hot;Mot man 18 år eller äldre, annan sorts relation eller bekantskap;6 841 ;- 105 ;- 2 ; 65 
4 kap. 5 § BrB Olaga hot;Mot man 18 år eller äldre, annan sorts relation eller bekantskap, internetrelaterat;1 045 ; 134 ; 15 ; 10 
4 kap. 5 § BrB Olaga hot;Mot man 18 år eller äldre, annan sorts relation eller bekantskap, ej internetrelaterat;5 796 ;- 239 ;- 4 ; 55 
4 kap. 5 § BrB Olaga hot;Mot man 18 år eller äldre, obekanta;9 788 ;- 399 ;- 4 ; 93 
4 kap. 5 § BrB Olaga hot;Mot man 18 år eller äldre, obekanta, internetrelaterat;1 466 ;- 35 ;- 2 ; 14 
4 kap. 5 § BrB Olaga hot;Mot man 18 år eller äldre, obekanta, ej internetrelaterat;8 322 ;- 364 ;- 4 ; 79 
4 kap. 5 § BrB Olaga hot;Mot grupp;2 757 ;- 234 ;- 8 ; 26 
4 kap. 5 § BrB Olaga hot;Mot grupp, internetrelaterat; 721 ; 114 ; 19 ; 7 
4 kap. 5 § BrB Olaga hot;Mot grupp, ej internetrelaterat;2 036 ;- 348 ;- 15 ; 19 
4 kap. 6 § BrB Hemfridsbrott, olaga intrång ;Hemfridsbrott, olaga intrång , totalt;11 711 ; 755 ; 7 ; 111 
4 kap. 6 a § BrB Kränkande fotografering;Kränkande fotografering, totalt;1 339 ; 280 ; 26 ; 13 
4 kap. 6 b § BrB Olovlig identitetsanvändning;Olovlig identitetsanvändning, totalt;17 729 ; 911 ; 5 ; 168 
4 kap. 6 b § BrB Olovlig identitetsanvändning;Mot barn under 18 år; 403 ; 33 ; 9 ; 4 
4 kap. 6 b § BrB Olovlig identitetsanvändning;Mot flicka under 18 år; 248 ; 23 ; 10 ; 2 
4 kap. 6 b § BrB Olovlig identitetsanvändning;Mot pojke under 18 år; 155 ; 10 ; 7 ; 1 
4 kap. 6 b § BrB Olovlig identitetsanvändning;Mot kvinna 18 år eller äldre;7 879 ; 242 ; 3 ; 75 
4 kap. 6 b § BrB Olovlig identitetsanvändning;Mot man 18 år eller äldre;9 447 ; 636 ; 7 ; 90 
4 kap. 6 c-d § BrB Olaga integritetsintrång ;Olaga integritetsintrång, totalt;2 424 ; 291 ; 14 ; 23 
4 kap. 6 c-d § BrB Olaga integritetsintrång ;Mot barn under 18 år;1 198 ; 186 ; 18 ; 11 
4 kap. 6 c-d § BrB Olaga integritetsintrång ;Mot flicka under 18 år; 795 ; 134 ; 20 ; 8 
4 kap. 6 c-d § BrB Olaga integritetsintrång ;Mot pojke under 18 år; 403 ; 52 ; 15 ; 4 
4 kap. 6 c-d § BrB Olaga integritetsintrång ;Mot kvinna 18 år eller äldre; 777 ; 101 ; 15 ; 7 
4 kap. 6 c-d § BrB Olaga integritetsintrång ;Mot kvinna 18 år eller äldre, närstående genom parrelation; 313 ; 53 ; 20 ; 3 
4 kap. 6 c-d § BrB Olaga integritetsintrång ;Mot kvinna 18 år eller äldre, närstående genom släktskap/familj; 19 ; 1 ; 6 ; 0 
4 kap. 6 c-d § BrB Olaga integritetsintrång ;Mot kvinna 18 år eller äldre, annan sorts relation eller bekantskap; 216 ; 18 ; 9 ; 2 
4 kap. 6 c-d § BrB Olaga integritetsintrång ;Mot kvinna 18 år eller äldre, obekanta; 229 ; 29 ; 15 ; 2 
4 kap. 6 c-d § BrB Olaga integritetsintrång ;Mot man 18 år eller äldre; 449 ; 4 ; 1 ; 4 
4 kap. 6 c-d § BrB Olaga integritetsintrång ;Mot man 18 år eller äldre, närstående genom parrelation; 41 ; 6 ; 17 ; 0 
4 kap. 6 c-d § BrB Olaga integritetsintrång ;Mot man 18 år eller äldre, närstående genom släktskap/familj; 9 ; 4 ; 80 ; 0 
4 kap. 6 c-d § BrB Olaga integritetsintrång ;Mot man 18 år eller äldre, annan sorts relation eller bekantskap; 68 ; 11 ; 19 ; 1 
4 kap. 6 c-d § BrB Olaga integritetsintrång ;Mot man 18 år eller äldre, obekanta; 331 ;- 17 ;- 5 ; 3 
4 kap. 7 § BrB Ofredande ;Ofredande, totalt;62 238 ;7 671 ; 14 ; 590 
4 kap. 7 § BrB Ofredande ;Mot barn under 18 år;6 827 ; 641 ; 10 ; 65 
4 kap. 7 § BrB Ofredande ;Mot flicka under 18 år;3 766 ; 380 ; 11 ; 36 
4 kap. 7 § BrB Ofredande ;Mot pojke under 18 år;3 061 ; 261 ; 9 ; 29 
4 kap. 7 § BrB Ofredande ;Mot kvinna 18 år eller äldre;33 175 ;4 111 ; 14 ; 314 
4 kap. 7 § BrB Ofredande ;Mot kvinna 18 år eller äldre, närstående genom parrelation;7 693 ;1 063 ; 16 ; 73 
4 kap. 7 § BrB Ofredande ;Mot kvinna 18 år eller äldre, närstående genom släktskap/familj;1 764 ; 188 ; 12 ; 17 
4 kap. 7 § BrB Ofredande ;Mot kvinna 18 år eller äldre, annan sorts relation eller bekantskap;8 520 ;1 061 ; 14 ; 81 
4 kap. 7 § BrB Ofredande ;Mot kvinna 18 år eller äldre, obekanta;15 198 ;1 799 ; 13 ; 144 
4 kap. 7 § BrB Ofredande ;Mot man 18 år eller äldre;19 478 ;2 832 ; 17 ; 185 
4 kap. 7 § BrB Ofredande ;Mot man 18 år eller äldre, närstående genom parrelation;1 655 ; 318 ; 24 ; 16 
4 kap. 7 § BrB Ofredande ;Mot man 18 år eller äldre, närstående genom släktskap/familj; 895 ; 127 ; 17 ; 8 
4 kap. 7 § BrB Ofredande ;Mot man 18 år eller äldre, annan sorts relation eller bekantskap;4 907 ; 703 ; 17 ; 47 
4 kap. 7 § BrB Ofredande ;Mot man 18 år eller äldre, obekanta;12 021 ;1 684 ; 16 ; 114 
4 kap. 7 § BrB Ofredande ;Mot grupp;2 758 ; 87 ; 3 ; 26 
4 kap. 7 a § 1 st. BrB Uppmaning till självmord;Uppmaning till självmord; 274 ; 82 ; 43 ; 3 
4 kap. 7 a § 1 st. BrB Uppmaning till självmord;Mot barn under 18 år; 109 ; 27 ; 33 ; 1 
4 kap. 7 a § 1 st. BrB Uppmaning till självmord;Mot flicka under 18 år; 89 ; 30 ; 51 ; 1 
4 kap. 7 a § 1 st. BrB Uppmaning till självmord;Mot pojke under 18 år; 20 ;- 3 ;- 13 ; 0 
4 kap. 7 a § 1 st. BrB Uppmaning till självmord;Mot kvinna 18 år eller äldre; 113 ; 37 ; 49 ; 1 
4 kap. 7 a § 1 st. BrB Uppmaning till självmord;Mot man 18 år eller äldre; 52 ; 18 ; 53 ; 0 
4 kap. 7 a § 2 st. BrB Oaktsam uppmaning till självmord;Oaktsam uppmaning till självmord ; 26 ;- 11 ;- 30 ; 0 
4 kap. 7 a § 2 st. BrB Oaktsam uppmaning till självmord;Mot barn under 18 år; 13 ;- 6 ;- 32 ; 0 
4 kap. 7 a § 2 st. BrB Oaktsam uppmaning till självmord;Mot flicka under 18 år; 12 ;- 2 ;- 14 ; 0 
4 kap. 7 a § 2 st. BrB Oaktsam uppmaning till självmord;Mot pojke under 18 år; 1 ;- 4 ;- 80 ; 0 
4 kap. 7 a § 2 st. BrB Oaktsam uppmaning till självmord;Mot kvinna 18 år eller äldre; 6 ;- 6 ;- 50 ; 0 
4 kap. 7 a § 2 st. BrB Oaktsam uppmaning till självmord;Mot man 18 år eller äldre; 7 ; 1 ; 17 ; 0 
4 kap. 8-9 a § BrB Olovlig avlyssning m.m. ;Olovlig avlyssning m.m. totalt;1 398 ; 64 ; 5 ; 13 
4 kap. 9 c § BrB Dataintrång ;Dataintrång, totalt;9 905 ;-1 242 ;- 11 ; 94 
4 kap. 9 c § BrB Dataintrång ; Genom överbelastningsattack; 109 ;- 157 ;- 59 ; 1 
4 kap. 9 c § BrB Dataintrång ; Med hjälp av skadlig kod i utpressningssyfte; 236 ;- 54 ;- 19 ; 2 
4 kap. 9 c § BrB Dataintrång ; Genom olovlig registerslagning; 999 ;- 392 ;- 28 ; 9 
4 kap. 9 c § BrB Dataintrång ; I sociala medier eller e-tjänster;5 072 ;-1 140 ;- 18 ; 48 
4 kap. 9 c § BrB Dataintrång ;Övrigt dataintrång;3 489 ; 501 ; 17 ; 33 
5 kap. BrB Ärekränkning;Ärekränkning, totalt;11 503 ;1 501 ; 15 ; 109 
5 kap. BrB Ärekränkning;Mot barn under 18 år;1 439 ; 226 ; 19 ; 14 
5 kap. BrB Ärekränkning;Mot flicka under 18 år; 771 ; 105 ; 16 ; 7 
5 kap. BrB Ärekränkning;Mot flicka under 18 år, internetrelaterat; 444 ; 52 ; 13 ; 4 
5 kap. BrB Ärekränkning;Mot flicka under 18 år, ej internetrelaterat; 327 ; 53 ; 19 ; 3 
5 kap. BrB Ärekränkning;Mot pojke under 18 år; 668 ; 121 ; 22 ; 6 
5 kap. BrB Ärekränkning;Mot pojke under 18 år, internetrelaterat; 310 ; 39 ; 14 ; 3 
5 kap. BrB Ärekränkning;Mot pojke under 18 år, ej internetrelaterat; 358 ; 82 ; 30 ; 3 
5 kap. BrB Ärekränkning;Mot kvinna 18 år eller äldre;5 106 ; 918 ; 22 ; 48 
5 kap. BrB Ärekränkning;Mot kvinna 18 år eller äldre, internetrelaterat;2 349 ; 579 ; 33 ; 22 
5 kap. BrB Ärekränkning;Mot kvinna 18 år eller äldre, ej internetrelaterat;2 757 ; 339 ; 14 ; 26 
5 kap. BrB Ärekränkning;Mot man 18 år eller äldre;4 958 ; 357 ; 8 ; 47 
5 kap. BrB Ärekränkning;Mot man 18 år eller äldre, internetrelaterat;2 174 ; 268 ; 14 ; 21 
5 kap. BrB Ärekränkning;Mot man 18 år eller äldre, ej internetrelaterat;2 784 ; 89 ; 3 ; 26 
6 kap. BrB Sexualbrott;Sexualbrott, totalt;25 296 ;1 615 ; 7 ; 240 
6 kap. 1, 1 a, 4 § BrB Våldtäkt inkl. grov, våldtäkt mot barn inkl. grov, oaktsam våldtäkt ;Våldtäkt, våldtäkt mot barn, oaktsam våldtäkt, totalt;9 866 ; 685 ; 7 ; 94 
6 kap. 1, 4 § BrB Våldtäkt inkl. grov, våldtäkt mot barn inkl. grov;Våldtäkt, totalt;9 633 ; 640 ; 7 ; 91 
6 kap. 1, 4 § BrB Våldtäkt inkl. grov, våldtäkt mot barn inkl. grov;Mot barn under 15 år, totalt;2 876 ; 356 ; 14 ; 27 
6 kap. 1, 4 § BrB Våldtäkt inkl. grov, våldtäkt mot barn inkl. grov;Mot flicka under 15 år, totalt;2 496 ; 328 ; 15 ; 24 
6 kap. 1, 4 § BrB Fullbordad våldtäkt inkl. grov, våldtäkt mot barn inkl. grov;Mot flicka under 15 år, totalt;2 352 ; 315 ; 15 ; 22 
6 kap. 1, 4 § BrB Fullbordad våldtäkt inkl. grov, våldtäkt mot barn inkl. grov;Mot flicka under 15 år, utomhus; 232 ; 31 ; 15 ; 2 
6 kap. 1, 4 § BrB Fullbordad våldtäkt inkl. grov, våldtäkt mot barn inkl. grov;Mot flicka under 15 år, inomhus;2 120 ; 284 ; 15 ; 20 
6 kap. 1, 4 § BrB Försök till våldtäkt  inkl. grov, våldtäkt mot barn inkl. grov;Mot flicka under 15 år, totalt; 144 ; 13 ; 10 ; 1 
6 kap. 1, 4 § BrB Försök till våldtäkt  inkl. grov, våldtäkt mot barn inkl. grov;Mot flicka under 15 år, utomhus; 26 ;- 1 ;- 4 ; 0 
6 kap. 1, 4 § BrB Försök till våldtäkt  inkl. grov, våldtäkt mot barn inkl. grov;Mot flicka under 15 år, inomhus; 118 ; 14 ; 13 ; 1 
6 kap. 1, 4 § BrB Våldtäkt inkl. grov, våldtäkt mot barn inkl. grov;Mot pojke under 15 år, totalt; 380 ; 28 ; 8 ; 4 
6 kap. 1, 4 § BrB Fullbordad våldtäkt inkl. grov, våldtäkt mot barn inkl. grov;Mot pojke under 15 år, totalt; 350 ; 14 ; 4 ; 3 
6 kap. 1, 4 § BrB Fullbordad våldtäkt inkl. grov, våldtäkt mot barn inkl. grov;Mot pojke under 15 år, utomhus; 39 ; 14 ; 56 ; 0 
6 kap. 1, 4 § BrB Fullbordad våldtäkt inkl. grov, våldtäkt mot barn inkl. grov;Mot pojke under 15 år, inomhus; 311 ;- ;- ; 3 
6 kap. 1, 4 § BrB Försök till våldtäkt  inkl. grov, våldtäkt mot barn inkl. grov;Mot pojke under 15 år, totalt; 30 ; 14 ; 88 ; 0 
6 kap. 1, 4 § BrB Försök till våldtäkt  inkl. grov, våldtäkt mot barn inkl. grov;Mot pojke under 15 år, utomhus; 7 ; 1 ; 17 ; 0 
6 kap. 1, 4 § BrB Försök till våldtäkt  inkl. grov, våldtäkt mot barn inkl. grov;Mot pojke under 15 år, inomhus; 23 ; 13 ; 130 ; 0 
6 kap. 1, 4 § BrB Våldtäkt inkl. grov, våldtäkt mot barn inkl. grov;Mot barn 15–17 år, totalt;1 270 ; 96 ; 8 ; 12 
6 kap. 1, 4 § BrB Våldtäkt inkl. grov, våldtäkt mot barn inkl. grov;Mot flicka 15–17 år, totalt;1 193 ; 76 ; 7 ; 11 
6 kap. 1, 4 § BrB Fullbordad våldtäkt inkl. grov, våldtäkt mot barn inkl. grov;Mot flicka 15–17 år, totalt;1 146 ; 81 ; 8 ; 11 
6 kap. 1, 4 § BrB Fullbordad våldtäkt inkl. grov, våldtäkt mot barn inkl. grov;Mot flicka 15–17 år, utomhus; 136 ;- 2 ;- 1 ; 1 
6 kap. 1, 4 § BrB Fullbordad våldtäkt inkl. grov, våldtäkt mot barn inkl. grov;Mot flicka 15–17 år, inomhus;1 010 ; 83 ; 9 ; 10 
6 kap. 1, 4 § BrB Försök till våldtäkt inkl. grov, våldtäkt mot barn inkl. grov;Mot flicka 15–17 år, totalt; 47 ;- 5 ;- 10 ; 0 
6 kap. 1, 4 § BrB Försök till våldtäkt inkl. grov, våldtäkt mot barn inkl. grov;Mot flicka 15–17 år, utomhus; 16 ; 4 ; 33 ; 0 
6 kap. 1, 4 § BrB Försök till våldtäkt inkl. grov, våldtäkt mot barn inkl. grov;Mot flicka 15–17 år, inomhus; 31 ;- 9 ;- 23 ; 0 
6 kap. 1, 4 § BrB Våldtäkt inkl. grov, våldtäkt mot barn inkl. grov;Mot pojke 15–17 år, totalt; 77 ; 20 ; 35 ; 1 
6 kap. 1, 4 § BrB Fullbordad våldtäkt inkl. grov, våldtäkt mot barn inkl. grov;Mot pojke 15–17 år, totalt; 71 ; 20 ; 39 ; 1 
6 kap. 1, 4 § BrB Fullbordad våldtäkt inkl. grov, våldtäkt mot barn inkl. grov;Mot pojke 15–17 år, utomhus; 13 ; 2 ; 18 ; 0 
6 kap. 1, 4 § BrB Fullbordad våldtäkt inkl. grov, våldtäkt mot barn inkl. grov;Mot pojke 15–17 år, inomhus; 58 ; 18 ; 45 ; 1 
6 kap. 1, 4 § BrB Försök till våldtäkt inkl. grov, våldtäkt mot barn inkl. grov;Mot pojke 15–17 år, totalt; 6 ;- ;- ; 0 
6 kap. 1, 4 § BrB Försök till våldtäkt inkl. grov, våldtäkt mot barn inkl. grov;Mot pojke 15–17 år, utomhus; 2 ; 2 ;. ; 0 
6 kap. 1, 4 § BrB Försök till våldtäkt inkl. grov, våldtäkt mot barn inkl. grov;Mot pojke 15–17 år, inomhus; 4 ;- 2 ;- 33 ; 0 
6 kap. 1 § BrB Våldtäkt inkl. grov;Mot kvinna 18 år eller äldre, totalt;5 167 ; 148 ; 3 ; 49 
6 kap. 1 § BrB Våldtäkt inkl. grov;Mot kvinna 18 år eller äldre, närstående genom parrelation;1 872 ; 198 ; 12 ; 18 
6 kap. 1 § BrB Fullbordad våldtäkt inkl. grov;Mot kvinna 18 år eller äldre, närstående genom parrelation;1 798 ; 196 ; 12 ; 17 
6 kap. 1 § BrB Försök till våldtäkt inkl. grov;Mot kvinna 18 år eller äldre, närstående genom parrelation; 74 ; 2 ; 3 ; 1 
6 kap. 1 § BrB Våldtäkt inkl. grov;Mot kvinna 18 år eller äldre, närstående genom släktskap/familj; 101 ; 16 ; 19 ; 1 
6 kap. 1 § BrB Fullbordad våldtäkt inkl. grov;Mot kvinna 18 år eller äldre, närstående genom släktskap/familj; 92 ; 13 ; 16 ; 1 
6 kap. 1 § BrB Försök till våldtäkt inkl. grov;Mot kvinna 18 år eller äldre, närstående genom släktskap/familj; 9 ; 3 ; 50 ; 0 
6 kap. 1 § BrB Våldtäkt inkl. grov;Mot kvinna 18 år eller äldre, annan sorts relation eller bekantskap;1 909 ;- 83 ;- 4 ; 18 
6 kap. 1 § BrB Fullbordad våldtäkt inkl. grov;Mot kvinna 18 år eller äldre, annan sorts relation eller bekantskap;1 786 ;- 92 ;- 5 ; 17 
6 kap. 1 § BrB Fullbordad våldtäkt inkl. grov;Mot kvinna 18 år eller äldre, annan sorts relation eller bekantskap, utomhus; 83 ;- 24 ;- 22 ; 1 
6 kap. 1 § BrB Fullbordad våldtäkt inkl. grov;Mot kvinna 18 år eller äldre, annan sorts relation eller bekantskap, inomhus;1 703 ;- 68 ;- 4 ; 16 
6 kap. 1 § BrB Försök till våldtäkt inkl. grov;Mot kvinna 18 år eller äldre, annan sorts relation eller bekantskap; 123 ; 9 ; 8 ; 1 
6 kap. 1 § BrB Försök till våldtäkt inkl. grov;Mot kvinna 18 år eller äldre, annan sorts relation eller bekantskap, utomhus; 12 ;- 2 ;- 14 ; 0 
6 kap. 1 § BrB Försök till våldtäkt inkl. grov;Mot kvinna 18 år eller äldre, annan sorts relation eller bekantskap, inomhus; 111 ; 11 ; 11 ; 1 
6 kap. 1 § BrB Våldtäkt inkl. grov;Mot kvinna 18 år eller äldre, obekanta, totalt;1 285 ; 17 ; 1 ; 12 
6 kap. 1 § BrB Fullbordad våldtäkt inkl. grov;Mot kvinna 18 år eller äldre, obekanta;1 153 ; 29 ; 3 ; 11 
6 kap. 1 § BrB Fullbordad våldtäkt inkl. grov;Mot kvinna 18 år eller äldre, obekanta, utomhus; 247 ; 15 ; 6 ; 2 
6 kap. 1 § BrB Fullbordad våldtäkt inkl. grov;Mot kvinna 18 år eller äldre, obekanta, inomhus; 906 ; 14 ; 2 ; 9 
6 kap. 1 § BrB Försök till våldtäkt inkl. grov;Mot kvinna 18 år eller äldre, obekanta, totalt; 132 ;- 12 ;- 8 ; 1 
6 kap. 1 § BrB Försök till våldtäkt inkl. grov;Mot kvinna 18 år eller äldre, obekanta, utomhus; 64 ;- 3 ;- 4 ; 1 
6 kap. 1 § BrB Försök till våldtäkt inkl. grov;Mot kvinna 18 år eller äldre, obekanta, inomhus; 68 ;- 9 ;- 12 ; 1 
6 kap. 1 § BrB Våldtäkt inkl. grov;Mot man 18 år eller äldre, totalt; 320 ; 40 ; 14 ; 3 
6 kap. 1 § BrB Våldtäkt inkl. grov;Mot man 18 år eller äldre, närstående genom parrelation; 61 ; 23 ; 61 ; 1 
6 kap. 1 § BrB Fullbordad våldtäkt inkl. grov;Mot man 18 år eller äldre, närstående genom parrelation; 56 ; 21 ; 60 ; 1 
6 kap. 1 § BrB Försök till våldtäkt inkl. grov;Mot man 18 år eller äldre, närstående genom parrelation; 5 ; 2 ; 67 ; 0 
6 kap. 1 § BrB Våldtäkt inkl. grov;Mot man 18 år eller äldre, närstående genom släktskap/familj; 14 ; 1 ; 8 ; 0 
6 kap. 1 § BrB Fullbordad våldtäkt inkl. grov;Mot man 18 år eller äldre, närstående genom släktskap/familj; 12 ;- ;- ; 0 
6 kap. 1 § BrB Försök till våldtäkt inkl. grov;Mot man 18 år eller äldre, närstående genom släktskap/familj; 2 ; 1 ; 100 ; 0 
6 kap. 1 § BrB Våldtäkt inkl. grov;Mot man 18 år eller äldre, annan sorts relation eller bekantskap; 129 ; 15 ; 13 ; 1 
6 kap. 1 § BrB Fullbordad våldtäkt inkl. grov;Mot man 18 år eller äldre, annan sorts relation eller bekantskap; 120 ; 14 ; 13 ; 1 
6 kap. 1 § BrB Fullbordad våldtäkt inkl. grov;Mot man 18 år eller äldre, annan sorts relation eller bekantskap, utomhus; 11 ; 9 ; 450 ; 0 
6 kap. 1 § BrB Fullbordad våldtäkt inkl. grov;Mot man 18 år eller äldre, annan sorts relation eller bekantskap, inomhus; 109 ; 5 ; 5 ; 1 
6 kap. 1 § BrB Försök till våldtäkt inkl. grov;Mot man 18 år eller äldre, annan sorts relation eller bekantskap; 9 ; 1 ; 13 ; 0 
6 kap. 1 § BrB Försök till våldtäkt inkl. grov;Mot man 18 år eller äldre, annan sorts relation eller bekantskap, utomhus;- ;- ;. ;- 
6 kap. 1 § BrB Försök till våldtäkt inkl. grov;Mot man 18 år eller äldre, annan sorts relation eller bekantskap, inomhus; 9 ; 1 ; 13 ; 0 
6 kap. 1 § BrB Våldtäkt inkl. grov;Mot man 18 år eller äldre, obekanta, totalt; 116 ; 1 ; 1 ; 1 
6 kap. 1 § BrB Fullbordad våldtäkt inkl. grov;Mot man 18 år eller äldre, obekanta; 104 ;- 2 ;- 2 ; 1 
6 kap. 1 § BrB Fullbordad våldtäkt inkl. grov;Mot man 18 år eller äldre, obekanta, utomhus; 24 ; 3 ; 14 ; 0 
6 kap. 1 § BrB Fullbordad våldtäkt inkl. grov;Mot man 18 år eller äldre, obekanta, inomhus; 80 ;- 5 ;- 6 ; 1 
6 kap. 1 § BrB Försök till våldtäkt inkl. grov;Mot man 18 år eller äldre, obekanta; 12 ; 3 ; 33 ; 0 
6 kap. 1 § BrB Försök till våldtäkt inkl. grov;Mot man 18 år eller äldre, obekanta, utomhus; 2 ;- 2 ;- 50 ; 0 
6 kap. 1 § BrB Försök till våldtäkt inkl. grov;Mot man 18 år eller äldre, obekanta, inomhus; 10 ; 5 ; 100 ; 0 
6 kap. 1 a § BrB Oaktsam våldtäkt ;Oaktsam våldtäkt, totalt; 233 ; 45 ; 24 ; 2 
6 kap. 1 a § BrB Oaktsam våldtäkt ;Mot flicka 15-17 år; 44 ; 5 ; 13 ; 0 
6 kap. 1 a § BrB Oaktsam våldtäkt ;Mot flicka 15-17 år, utomhus; 6 ;- 1 ;- 14 ; 0 
6 kap. 1 a § BrB Oaktsam våldtäkt ;Mot flicka 15-17 år, inomhus; 38 ; 6 ; 19 ; 0 
6 kap. 1 a § BrB Oaktsam våldtäkt ;Mot pojke 15-17 år; 1 ;- 1 ;- 50 ; 0 
6 kap. 1 a § BrB Oaktsam våldtäkt ;Mot pojke 15-17 år, utomhus;- ;- ;. ;- 
6 kap. 1 a § BrB Oaktsam våldtäkt ;Mot pojke 15-17 år, inomhus; 1 ;- 1 ;- 50 ; 0 
6 kap. 1 a § BrB Oaktsam våldtäkt ;Mot kvinna 18 år eller äldre; 178 ; 39 ; 28 ; 2 
6 kap. 1 a § BrB Oaktsam våldtäkt ;Mot kvinna 18 år eller äldre, närstående genom parrelation; 59 ;- 3 ;- 5 ; 1 
6 kap. 1 a § BrB Oaktsam våldtäkt ;Mot kvinna 18 år eller äldre, närstående genom släktskap/familj; 1 ;- ;- ; 0 
6 kap. 1 a § BrB Oaktsam våldtäkt ;Mot kvinna 18 år eller äldre, annan sorts relation eller bekantskap; 65 ; 11 ; 20 ; 1 
6 kap. 1 a § BrB Oaktsam våldtäkt ;Mot kvinna 18 år eller äldre, annan sorts relation eller bekantskap, utomhus; 2 ; 2 ;. ; 0 
6 kap. 1 a § BrB Oaktsam våldtäkt ;Mot kvinna 18 år eller äldre, annan sorts relation eller bekantskap, inomhus; 63 ; 9 ; 17 ; 1 
6 kap. 1 a § BrB Oaktsam våldtäkt ;Mot kvinna 18 år eller äldre, obekanta; 53 ; 31 ; 141 ; 1 
6 kap. 1 a § BrB Oaktsam våldtäkt ;Mot kvinna 18 år eller äldre, obekanta, utomhus;- ;- 1 ;- 100 ;- 
6 kap. 1 a § BrB Oaktsam våldtäkt ;Mot kvinna 18 år eller äldre, obekanta, inomhus; 53 ; 32 ; 152 ; 1 
6 kap. 1 a § BrB Oaktsam våldtäkt ;Mot man 18 år eller äldre; 10 ; 2 ; 25 ; 0 
6 kap. 1 a § BrB Oaktsam våldtäkt ;Mot man 18 år eller äldre, närstående genom parrelation; 3 ;- ;- ; 0 
6 kap. 1 a § BrB Oaktsam våldtäkt ;Mot man 18 år eller äldre ,närstående genom släktskap/familj;- ;- ;. ;- 
6 kap. 1 a § BrB Oaktsam våldtäkt ;Mot man 18 år eller äldre, annan sorts relation eller bekantskap; 6 ; 3 ; 100 ; 0 
6 kap. 1 a § BrB Oaktsam våldtäkt ;Mot man 18 år eller äldre, annan sorts relation eller bekantskap, utomhus;- ;- ;. ;- 
6 kap. 1 a § BrB Oaktsam våldtäkt ;Mot man 18 år eller äldre, annan sorts relation eller bekantskap, inomhus; 6 ; 3 ; 100 ; 0 
6 kap. 1 a § BrB Oaktsam våldtäkt ;Mot man 18 år eller äldre, obekanta; 1 ;- 1 ;- 50 ; 0 
6 kap. 1 a § BrB Oaktsam våldtäkt ;Mot man 18 år eller äldre, obekanta, utomhus;- ;- 1 ;- 100 ;- 
6 kap. 1 a § BrB Oaktsam våldtäkt ;Mot man 18 år eller äldre, obekanta, inomhus; 1 ;- ;- ; 0 
6 kap. 2 § BrB Sexuellt övergrepp inkl. grovt ;Sexuellt övergrepp, totalt; 351 ; 13 ; 4 ; 3 
6 kap. 2 § BrB Sexuellt övergrepp inkl. grovt ;Mot flicka 15-17 år; 77 ;- ;- ; 1 
6 kap. 2 § BrB Sexuellt övergrepp inkl. grovt ;Mot pojke 15-17 år; 10 ; 1 ; 11 ; 0 
6 kap. 2 § BrB Sexuellt övergrepp inkl. grovt ;Mot kvinna 18 år eller äldre; 237 ; 22 ; 10 ; 2 
6 kap. 2 § BrB Sexuellt övergrepp inkl. grovt ;Mot kvinna 18 år eller äldre, närstående genom parrelation; 69 ; 19 ; 38 ; 1 
6 kap. 2 § BrB Sexuellt övergrepp inkl. grovt ;Mot kvinna 18 år eller äldre, närstående genom släktskap/familj; 9 ;- 4 ;- 31 ; 0 
6 kap. 2 § BrB Sexuellt övergrepp inkl. grovt ;Mot kvinna 18 år eller äldre, annan sorts relation eller bekantskap; 97 ; 5 ; 5 ; 1 
6 kap. 2 § BrB Sexuellt övergrepp inkl. grovt ;Mot kvinna 18 år eller äldre, obekanta; 62 ; 2 ; 3 ; 1 
6 kap. 2 § BrB Sexuellt övergrepp inkl. grovt ;Mot man 18 år eller äldre; 27 ;- 10 ;- 27 ; 0 
6 kap. 2 § BrB Sexuellt övergrepp inkl. grovt ;Mot man 18 år eller äldre, närstående genom parrelation; 3 ;- 1 ;- 25 ; 0 
6 kap. 2 § BrB Sexuellt övergrepp inkl. grovt ;Mot man 18 år eller äldre, närstående genom släktskap/familj; 1 ;- ;- ; 0 
6 kap. 2 § BrB Sexuellt övergrepp inkl. grovt ;Mot man 18 år eller äldre, annan sorts relation eller bekantskap; 11 ;- 5 ;- 31 ; 0 
6 kap. 2 § BrB Sexuellt övergrepp inkl. grovt ;Mot man 18 år eller äldre, obekanta; 12 ;- 4 ;- 25 ; 0 
6 kap. 3 § BrB Oaktsamt sexuellt övergrepp ;Oaktsamt sexuellt övergrepp, totalt; 12 ;- 1 ;- 8 ; 0 
6 kap. 3 § BrB Oaktsamt sexuellt övergrepp ;Mot flicka 15-17 år; 3 ; 3 ;. ; 0 
6 kap. 3 § BrB Oaktsamt sexuellt övergrepp ;Mot pojke 15-17 år;- ;- 1 ;- 100 ;- 
6 kap. 3 § BrB Oaktsamt sexuellt övergrepp ;Mot kvinna 18 år eller äldre; 6 ;- 4 ;- 40 ; 0 
6 kap. 3 § BrB Oaktsamt sexuellt övergrepp ;Mot kvinna 18 år eller äldr, närstående genom parrelation; 2 ;- ;- ; 0 
6 kap. 3 § BrB Oaktsamt sexuellt övergrepp ;Mot kvinna 18 år eller äldre, närstående genom släktskap/familj; 1 ; 1 ;. ; 0 
6 kap. 3 § BrB Oaktsamt sexuellt övergrepp ;Mot kvinna 18 år eller äldre, annan sorts relation eller bekantskap; 1 ;- 4 ;- 80 ; 0 
6 kap. 3 § BrB Oaktsamt sexuellt övergrepp ;Mot kvinna 18 år eller äldre, obekanta; 2 ;- 1 ;- 33 ; 0 
6 kap. 3 § BrB Oaktsamt sexuellt övergrepp ;Mot man 18 år eller äldre; 3 ; 1 ; 50 ; 0 
6 kap. 3 § BrB Oaktsamt sexuellt övergrepp ;Mot man 18 år eller äldre, närstående genom parrelation;- ;- 1 ;- 100 ;- 
6 kap. 3 § BrB Oaktsamt sexuellt övergrepp ;Mot man 18 år eller äldre, närstående genom släktskap/familj;- ;- ;. ;- 
6 kap. 3 § BrB Oaktsamt sexuellt övergrepp ;Mot man 18 år eller äldre, annan sorts relation eller bekantskap; 2 ; 1 ; 100 ; 0 
6 kap. 3 § BrB Oaktsamt sexuellt övergrepp ;Mot man 18 år eller äldre, obekanta; 1 ; 1 ;. ; 0 
6 kap. 5 § BrB Sexuellt utnyttjande av barn;Sexuellt utnyttjande av barn, totalt; 124 ; 15 ; 14 ; 1 
6 kap. 5 § BrB Sexuellt utnyttjande av barn;Av flicka under 15 år; 89 ; 14 ; 19 ; 1 
6 kap. 5 § BrB Sexuellt utnyttjande av barn;Av pojke under 15 år; 21 ;- 1 ;- 5 ; 0 
6 kap. 5 § BrB Sexuellt utnyttjande av barn;Av flicka 15-17 år; 8 ;- 3 ;- 27 ; 0 
6 kap. 5 § BrB Sexuellt utnyttjande av barn;Av pojke 15-17 år; 6 ; 5 ; 500 ; 0 
6 kap. 6 § BrB Sexuellt övergrepp mot barn;Sexuellt övergrepp mot barn, totalt; 869 ; 55 ; 7 ; 8 
6 kap. 6 § BrB Sexuellt övergrepp mot barn;Mot flicka under 15 år; 672 ; 77 ; 13 ; 6 
6 kap. 6 § BrB Sexuellt övergrepp mot barn;Mot pojke under 15 år; 168 ;- 28 ;- 14 ; 2 
6 kap. 6 § BrB Sexuellt övergrepp mot barn;Mot flicka 15-17 år; 17 ;- 3 ;- 15 ; 0 
6 kap. 6 § BrB Sexuellt övergrepp mot barn;Mot pojke 15-17 år; 12 ; 9 ; 300 ; 0 
6 kap. 7 § BrB Samlag med avkomling eller syskon;Samlag med avkomling eller syskon, totalt; 5 ; 1 ; 25 ; 0 
6 kap. 7 § BrB Samlag med avkomling eller syskon;Med flicka 15-17 år; 1 ;- ;- ; 0 
6 kap. 7 § BrB Samlag med avkomling eller syskon;Med pojke 15-17 år;- ;- ;. ;- 
6 kap. 7 § BrB Samlag med avkomling eller syskon;Med kvinna 18 år eller äldre; 3 ; 1 ; 50 ; 0 
6 kap. 7 § BrB Samlag med avkomling eller syskon;Med man 18 år eller äldre; 1 ;- ;- ; 0 
6 kap. 8 § BrB Utnyttjande av barn under 18 år för sexuell posering, inkl grov ;Utnyttjande av barn under 18 år för sexuell posering, totalt;1 775 ; 5 ; 0 ; 17 
6 kap. 9 § BrB Utnyttjande av barn under 18 år genom köp av sexuell handling.;Utnyttjande av barn under 18 år genom köp av sexuell handling.; 121 ; 20 ; 20 ; 1 
6 kap. 10 § BrB Sexuellt ofredande;Sexuellt ofredande, totalt;9 984 ; 531 ; 6 ; 95 
6 kap. 10 § BrB Sexuellt ofredande;Sexuellt ofredande, mot barn under 15 år;3 129 ; 218 ; 7 ; 30 
6 kap. 10 § BrB Sexuellt ofredande;Sexuellt ofredande, mot flicka under 15 år;2 591 ; 147 ; 6 ; 25 
6 kap. 10 § BrB Sexuellt ofredande;Sexuellt ofredande, pojke under 15 år; 538 ; 71 ; 15 ; 5 
6 kap. 10 § BrB Sexuellt ofredande;Sexuellt ofredande, mot barn 15-17 år;1 334 ; 135 ; 11 ; 13 
6 kap. 10 § BrB Sexuellt ofredande;Sexuellt ofredande, mot flicka 15-17 år;1 168 ; 88 ; 8 ; 11 
6 kap. 10 § BrB Sexuellt ofredande;Sexuellt ofredande, mot pojke 15-17 år; 166 ; 47 ; 39 ; 2 
6 kap. 10 § BrB Sexuellt ofredande;Sexuellt ofredande, mot person 18 år eller äldre;5 521 ; 352 ; 7 ; 52 
6 kap. 10 § BrB Sexuellt ofredande;Sexuellt ofredande, mot kvinna 18 år eller äldre;4 935 ; 322 ; 7 ; 47 
6 kap. 10 § BrB Sexuellt ofredande;Sexuellt ofredande, mot kvinna 18 år eller äldre, närstående genom parrelation; 357 ; 56 ; 19 ; 3 
6 kap. 10 § BrB Sexuellt ofredande;Sexuellt ofredande, mot kvinna 18 år eller äldre, närstående genom släktskap/familj; 121 ; 41 ; 51 ; 1 
6 kap. 10 § BrB Sexuellt ofredande;Sexuellt ofredande,  mot kvinna 18 år eller äldrea, annan sorts relation eller bekantskap;1 412 ; 123 ; 10 ; 13 
6 kap. 10 § BrB Sexuellt ofredande;Sexuellt ofredande,  mot kvinna 18 år eller äldre, obekanta;3 045 ; 102 ; 3 ; 29 
6 kap. 10 § BrB Sexuellt ofredande;Sexuellt ofredande, mot man 18 år eller äldre; 586 ; 30 ; 5 ; 6 
6 kap. 10 § BrB Sexuellt ofredande;Sexuellt ofredande, mot man 18 år eller äldre, närstående genom parrelation; 19 ;- 2 ;- 10 ; 0 
6 kap. 10 § BrB Sexuellt ofredande;Sexuellt ofredande, mot man 18 år eller äldre, närstående genom släktskap/familj; 11 ;- 5 ;- 31 ; 0 
6 kap. 10 § BrB Sexuellt ofredande;Sexuellt ofredande, mot man 18 år eller äldre, annan sorts relation eller bekantskap; 183 ; 29 ; 19 ; 2 
6 kap. 10 § BrB Sexuellt ofredande;Sexuellt ofredande, mot man 18 år eller äldre, obekanta; 373 ; 8 ; 2 ; 4 
6 kap. 10 a § BrB Kontakt för att träffa ett barn i sexuellt syfte;Kontakt för att träffa ett barn i sexuellt syfte, totalt; 224 ; 5 ; 2 ; 2 
6 kap. 10 a § BrB Kontakt för att träffa ett barn i sexuellt syfte;Med flicka under 15 år; 175 ;- 10 ;- 5 ; 2 
6 kap. 10 a § BrB Kontakt för att träffa ett barn i sexuellt syfte;Med pojke under 15 år; 49 ; 15 ; 44 ; 0 
6 kap. 11 § BrB Köp av sexuell tjänst;Köp av sexuell tjänst, totalt;1 762 ; 285 ; 19 ; 17 
6 kap. 12 § BrB Koppleri, grovt koppleri;Koppleri, totalt; 203 ; 1 ; 0 ; 2 
7 kap. Brott mot familj;Brott mot familj, totalt;1 354 ;- 99 ;- 7 ; 13 
7 kap. 4 § BrB Egenmäktighet med barn;Egenmäktighet med barn;1 339 ;- 102 ;- 7 ; 13 
7 kap. 1-3 § BrB Övriga brott mot familj;Övriga brott; 15 ; 3 ; 25 ; 0 
8-12 kap. Brott mot förmögenhet;Brott mot förmögenhet, totalt;812 154 ;-54 665 ;- 6 ;7 697 
8 kap. Stöld, rån m.m.;Stöld, rån m.m. totalt;348 289 ;-32 432 ;- 9 ;3 301 
8 kap. 7 § BrB Tillgrepp av motordrivet fortskaffningsmedel;Tillgrepp av motordrivet fortskaffningsmedel, totalt;13 275 ;-2 698 ;- 17 ; 126 
8 kap. 7 § BrB Tillgrepp av motordrivet fortskaffningsmedel;Av bil;6 561 ;-1 321 ;- 17 ; 62 
8 kap. 7 § BrB Försök till tillgrepp av motordrivet fortskaffningsmedel;Av bil; 792 ;- 171 ;- 18 ; 8 
8 kap. 7 § BrB Fullbordat tillgrepp av motordrivet fortskaffningsmedel;Av bil, totalt;5 769 ;-1 150 ;- 17 ; 55 
8 kap. 7 § BrB Fullbordat tillgrepp av motordrivet fortskaffningsmedel;Av bil avsedd för yrkesmässig godsbefordran (Lastbil, släpfordon, järnvägsvagn eller lastbärare (container eller motsvarande); 785 ;- 194 ;- 20 ; 7 
8 kap. 7 § BrB Fullbordat tillgrepp av motordrivet fortskaffningsmedel;Av övriga bilar;4 984 ;- 956 ;- 16 ; 47 
8 kap. 7 § BrB Tillgrepp av motordrivet fortskaffningsmedel;Av motorcykel;1 374 ;- 270 ;- 16 ; 13 
8 kap. 7 § BrB Tillgrepp av motordrivet fortskaffningsmedel;Av  moped;2 843 ;- 817 ;- 22 ; 27 
8 kap. 7 § BrB Tillgrepp av motordrivet fortskaffningsmedel;Av båt; 725 ; 42 ; 6 ; 7 
8 kap. 7 § BrB Tillgrepp av motordrivet fortskaffningsmedel;Av annat fordon;1 772 ;- 332 ;- 16 ; 17 
8 kap. 1, 2, 4 § BrB Stöld inkl. grov;Stöld av icke motordrivet fortskaffningsmedel, totalt;62 933 ;-2 695 ;- 4 ; 596 
8 kap. 1, 2, 4 § BrB Stöld inkl. grov;Av cykel;54 848 ;-2 923 ;- 5 ; 520 
8 kap. 1, 2, 4 § BrB Stöld inkl. grov;Av elcykel;14 676 ;- 48 ;- 0 ; 139 
8 kap. 1, 2, 4 § BrB Stöld inkl. grov;Av annan cykel än elcykel;40 172 ;-2 875 ;- 7 ; 381 
8 kap. 1, 2, 4 § BrB Stöld inkl. grov;Av båt; 306 ;- 51 ;- 14 ; 3 
8 kap. 1, 2, 4 § BrB Stöld inkl. grov;Av annat icke motordrivet fordon;7 779 ; 279 ; 4 ; 74 
8 kap. 1, 2, 4, 4 a § BrB Stöld inkl. grov, inbrottsstöld;Inbrottsstöld, inte av skjutvapen, totalt;63 279 ;-6 426 ;- 9 ; 600 
8 kap. 1, 2, 4 § BrB Stöld inkl. grov;Stöld genom inbrott i skola, kyrka, idrottsanläggning och lokal för kultur, totalt;2 741 ;- 564 ;- 17 ; 26 
8 kap. 1, 2, 4 § BrB Stöld inkl. grov;Stöld genom inbrott i skola, bibliotek, fritidshem, m.m.;1 590 ;- 625 ;- 28 ; 15 
8 kap. 1, 2, 4 § BrB Stöld inkl. grov;Stöld genom inbrott i idrottsanläggning, kyrka, museum m.m.;1 151 ; 61 ; 6 ; 11 
8 kap. 1, 2, 4 § BrB Stöld inkl. grov;Stöld genom inbrott i hotell, kafé, restaurang, biograf, teater, nöjes-, samlings- och ungdomslokal m.m.;2 004 ;- 303 ;- 13 ; 19 
8 kap. 1, 2, 4 § BrB Stöld inkl. grov;Stöld genom inbrott i butik, apotek, kiosk m.m.,totalt;1 800 ;- 418 ;- 19 ; 17 
8 kap. 1, 2, 4 § BrB Stöld inkl. grov;Stöld genom inbrott i butik, varuhus o.d.;1 497 ;- 410 ;- 21 ; 14 
8 kap. 1, 2, 4 § BrB Stöld inkl. grov;Stöld genom inbrott i kiosk, automat och skyltskåp; 242 ; 11 ; 5 ; 2 
8 kap. 1, 2, 4 § BrB Stöld inkl. grov;Stöld genom inbrott i apotek och läkemedelsförråd; 61 ;- 19 ;- 24 ; 1 
8 kap. 1, 2, 4 § BrB Stöld inkl. grov;Stöld genom inbrott i industri, verkstad, byggplats, lager, garage, hamnområde, kontor m.m., totalt;14 483 ;-1 958 ;- 12 ; 137 
8 kap. 1, 2, 4 § BrB Stöld inkl. grov;Stöld genom inbrott i kontor;1 860 ;- 436 ;- 19 ; 18 
8 kap. 1, 2, 4 § BrB Stöld inkl. grov;Stöld genom inbrott i industri, verkstad, byggplats, lager, garage, hamnområde, ej i kontor;12 623 ;-1 522 ;- 11 ; 120 
8 kap. 1, 2, 4, 4 a § BrB Stöld inkl. grov, inbrottsstöld;Inbrottsstöld i bostad m.m., totalt;33 707 ;-1 601 ;- 5 ; 319 
8 kap. 4 a § BrB Inbrottsstöld;Inbrottsstöld i bostad ;10 420 ;- 392 ;- 4 ; 99 
8 kap. 4 a § BrB Inbrottsstöld;Inbrottsstöld i villa, radhus o.d., totalt;5 504 ;- 198 ;- 3 ; 52 
8 kap. 4 a § BrB Inbrottsstöld, fullbordat;Inbrottsstöld i villa, radhus o.d.;4 150 ;- 135 ;- 3 ; 39 
8 kap. 4 a § BrB Inbrottsstöld, försök;Inbrottsstöld i villa, radhus o.d.;1 354 ;- 63 ;- 4 ; 13 
8 kap. 4 a § BrB Inbrottsstöld;Inbrottsstöld i lägenhet, totalt;4 916 ;- 194 ;- 4 ; 47 
8 kap. 4 a § BrB Inbrottsstöld, fullbordat;Inbrottsstöld i lägenhet;3 548 ;- 34 ;- 1 ; 34 
8 kap. 4 a § BrB Inbrottsstöld, försök;Inbrottsstöld i lägenhet;1 368 ;- 160 ;- 10 ; 13 
8 kap. 1, 2, 4 § BrB Stöld inkl. grov;Stöld genom inbrott i källare och på vind;20 142 ;-1 464 ;- 7 ; 191 
8 kap. 4 a § BrB Inbrottsstöld;Inbrottsstöld i fritidshus;2 627 ;- 263 ;- 9 ; 25 
8 kap. 1, 2, 4 § BrB Stöld inkl. grov;Stöld genom inbrott i övriga platser;8 544 ;-1 582 ;- 16 ; 81 
8 kap. 1, 2, 4 § BrB Stöld inkl. grov;Stöld (även inbrottsstöld) av skjutvapen ammunition och sprängämnen; 121 ; 5 ; 4 ; 1 
8 kap. 1, 2, 4 § BrB Stöld inkl. grov;Stöld (även inbrottsstöld) av skjutvapen ammunition och sprängämnen från militärt förråd/inom militärförläggning; 7 ; 3 ; 75 ; 0 
8 kap. 1, 2, 4 § BrB Stöld inkl. grov;Stöld (även inbrottsstöld) av skjutvapen ammunition och sprängämnen från skytteorganisation, vapenhandlare och sprängämnesförråd; 7 ; 1 ; 17 ; 0 
8 kap. 1, 2, 4 § BrB Stöld inkl. grov;Stöld (även inbrottsstöld) av skjutvapen ammunition och sprängämnen från bostad (lägenhet, villa) och fritidshus; 44 ;- 18 ;- 29 ; 0 
8 kap. 1, 2, 4 § BrB Stöld inkl. grov;Stöld (även inbrottsstöld) av skjutvapen ammunition och sprängämnen från övriga platser; 63 ; 19 ; 43 ; 1 
8 kap. 1, 2, 4 § BrB Stöld inkl. grov;Övrig stöld, totalt;188 421 ;-17 656 ;- 9 ;1 786 
8 kap. 1, 2, 4 § BrB Stöld inkl. grov;Från fordon m.m.;44 673 ;-11 906 ;- 21 ; 423 
8 kap. 1, 2, 4 § BrB Stöld inkl. grov;Ur och från motordrivet fordon, totalt;34 729 ;-11 782 ;- 25 ; 329 
8 kap. 1, 2, 4 § BrB Stöld inkl. grov;Ur och från motordrivet fordon, av fast interiör/exteriör;15 690 ;-7 267 ;- 32 ; 149 
8 kap. 1, 2, 4 § BrB Stöld inkl. grov;Ur och från motordrivet fordon, av andra föremål än fast interiör/exteriör;19 039 ;-4 515 ;- 19 ; 180 
8 kap. 1, 2, 4 § BrB Stöld inkl. grov;Från cykel;4 408 ; 512 ; 13 ; 42 
8 kap. 1, 2, 4 § BrB Stöld inkl. grov;Från båt (annat än båtmotor);1 772 ;- 158 ;- 8 ; 17 
8 kap. 1, 2, 4 § BrB Stöld inkl. grov;Av båtmotor;1 064 ; 122 ; 13 ; 10 
8 kap. 1, 2, 4 § BrB Stöld inkl. grov;Under yrkesmässig transport, totalt;2 700 ;- 600 ;- 18 ; 26 
8 kap. 1, 2, 4 § BrB Stöld inkl. grov;Under yrkesmässig transport, avsedd för yrkesmässig godsbefordran (lastbil, släpfordon, järnvägsvagn, fartyg el lastbärare);1 058 ; 68 ; 7 ; 10 
8 kap. 1, 2, 4 § BrB Stöld inkl. grov;Under yrkesmässig transport, avsedd för övrig yrkesmässig transport;1 642 ;- 668 ;- 29 ; 16 
8 kap. 1, 2, 4 § BrB Stöld inkl. grov;Av drivmedel, totalt;3 780 ;-2 825 ;- 43 ; 36 
8 kap. 1, 2, 4 § BrB Stöld inkl. grov;Av diesel;2 044 ;-1 815 ;- 47 ; 19 
8 kap. 1, 2, 4 § BrB Stöld inkl. grov;Av diesel ur större fordonstank (även entreprenadmaskin m.m.);1 866 ;-1 753 ;- 48 ; 18 
8 kap. 1, 2, 4 § BrB Stöld inkl. grov;Av diesel ur större tankar (ej kopplade till fordon); 178 ;- 62 ;- 26 ; 2 
8 kap. 1, 2, 4 § BrB Stöld inkl. grov;Övrig stöld av drivmedel (även diesel), totalt;1 736 ;-1 010 ;- 37 ; 16 
8 kap. 1, 2, 4 § BrB Stöld inkl. grov;Övrig stöld av drivmedel genom smitning (från bensinstation); 435 ;- 283 ;- 39 ; 4 
8 kap. 1, 2, 4 § BrB Stöld inkl. grov;Övrig stöld av drivmedel, ej genom smitning;1 301 ;- 727 ;- 36 ; 12 
8 kap. 1, 2, 4 § BrB Stöld inkl. grov;I skola, kyrka, idrottsanläggning och lokal för kultur, totalt;10 530 ;1 055 ; 11 ; 100 
8 kap. 1, 2, 4 § BrB Stöld inkl. grov;I skola, bibliotek, fritidshem m.m.;5 549 ; 596 ; 12 ; 53 
8 kap. 1, 2, 4 § BrB Stöld inkl. grov;I idrottsanläggning, kyrka, museum m.m.;4 981 ; 459 ; 10 ; 47 
8 kap. 1, 2, 4 § BrB Stöld inkl. grov;I hotell, kafé, restaurang, biograf, teater, nöjes-, samlings- och ungdomslokal m.m.;7 461 ; 239 ; 3 ; 71 
8 kap. 1, 2, 4 § BrB Stöld inkl. grov;I butik, varuhus o.d.;43 397 ;-4 049 ;- 9 ; 411 
8 kap. 1, 2, 4 § BrB Stöld inkl. grov;I industri, verkstad, byggplats, lager, hamnområde, kontor m.m., totalt;4 479 ;- 310 ;- 6 ; 42 
8 kap. 1, 2, 4 § BrB Stöld inkl. grov;I kontor;1 295 ;- 113 ;- 8 ; 12 
8 kap. 1, 2, 4 § BrB Stöld inkl. grov;I industri, verkstad, byggplats, lager, hamnområde, ej i kontor;3 184 ;- 197 ;- 6 ; 30 
8 kap. 1, 2, 4, 4 a § BrB Stöld inkl. grov;I bostad m.m.;14 134 ;1 786 ; 14 ; 134 
8 kap. 1, 2, 4, 4 a § BrB Stöld inkl. grov;I bostad (lägenhet, villa), totalt;12 351 ;1 533 ; 14 ; 117 
8 kap. 1, 2, 4, 4 a § BrB Stöld inkl. grov;I bostad mot äldre eller funktionsnedsatt;5 399 ; 742 ; 16 ; 51 
8 kap. 1, 2, 4, 4 a § BrB Stöld inkl. grov;I bostad mot ej äldre eller funktionsnedsatt;6 952 ; 791 ; 13 ; 66 
8 kap. 1, 2, 4 § BrB Stöld inkl. grov;I källare och på vind;1 783 ; 253 ; 17 ; 17 
8 kap. 1, 2, 4 § BrB Stöld inkl. grov;Väskryckning (inte rån), totalt; 767 ;- 111 ;- 13 ; 7 
8 kap. 1, 2, 4 § BrB Stöld inkl. grov;Väskryckning mot äldre eller funktionsnedsatt; 146 ;- 40 ;- 22 ; 1 
8 kap. 1, 2, 4 § BrB Stöld inkl. grov;Väskryckning mot ej äldre eller funktionsnedsatt; 621 ;- 71 ;- 10 ; 6 
8 kap. 1, 2, 4 § BrB Stöld inkl. grov;Fickstöld, totalt;19 047 ;-1 147 ;- 6 ; 181 
8 kap. 1, 2, 4 § BrB Stöld inkl. grov;Fickstöld mot äldre eller funktionsnedsatt;1 914 ; 56 ; 3 ; 18 
8 kap. 1, 2, 4 § BrB Stöld inkl. grov;Fickstöld mot ej äldre eller funktionsnedsatt;17 133 ;-1 203 ;- 7 ; 162 
8 kap. 1, 2, 4 § BrB Stöld inkl. grov;Övrig stöld;40 153 ;- 388 ;- 1 ; 381 
8 kap. 5, 6 § BrB Rån inkl. grovt;Rån, totalt;4 774 ;-1 627 ;- 25 ; 45 
8 kap. 5, 6 § BrB Rån inkl. grovt;Bankrån, totalt; 2 ; 2 ;. ; 0 
8 kap. 5, 6 § BrB Rån inkl. grovt;Bankrån med användning av skjutvapen; 2 ; 2 ;. ; 0 
8 kap. 5, 6 § BrB Rån inkl. grovt;Bankrån utan användning av skjutvapen;- ;- ;. ;- 
8 kap. 5, 6 § BrB Rån inkl. grovt;Butiksrån, totalt; 226 ;- 135 ;- 37 ; 2 
8 kap. 5, 6 § BrB Rån inkl. grovt;Butiksrån med användning av skjutvapen; 20 ;- 24 ;- 55 ; 0 
8 kap. 5, 6 § BrB Rån inkl. grovt;Butiksrån utan användning av skjutvapen; 206 ;- 111 ;- 35 ; 2 
8 kap. 5, 6 § BrB Rån inkl. grovt;Rån mot värdebefordran, totalt; 1 ;- ;- ; 0 
8 kap. 5, 6 § BrB Rån inkl. grovt;Rån mot värdebefordran med användning av skjutvapen;- ;- ;. ;- 
8 kap. 5, 6 § BrB Rån inkl. grovt;Rån mot värdebefordran utan användning av skjutvapen; 1 ;- ;- ; 0 
8 kap. 5, 6 § BrB Rån inkl. grovt;Rån mot värdetransport, totalt;- ;- 1 ;- 100 ;- 
8 kap. 5, 6 § BrB Rån inkl. grovt;Rån mot värdetransport med användning av skjutvapen;- ;- ;. ;- 
8 kap. 5, 6 § BrB Rån inkl. grovt;Rån mot värdetransport utan användning av skjutvapen;- ;- 1 ;- 100 ;- 
8 kap. 5, 6 § BrB Rån inkl. grovt;Taxirån, totalt; 8 ;- 5 ;- 38 ; 0 
8 kap. 5, 6 § BrB Rån inkl. grovt;Taxirån med användning av skjutvapen; 2 ; 1 ; 100 ; 0 
8 kap. 5, 6 § BrB Rån inkl. grovt;Taxirån utan användning av skjutvapen; 6 ;- 6 ;- 50 ; 0 
8 kap. 5, 6 § BrB Rån inkl. grovt;Rån mot privatperson, äldre eller funktionsnedsatt, totalt; 364 ;- 129 ;- 26 ; 3 
8 kap. 5, 6 § BrB Rån inkl. grovt;Rån mot privatperson, äldre eller funktionsnedsatt, med användning av skjutvapen; 48 ;- 36 ;- 43 ; 0 
8 kap. 5, 6 § BrB Rån inkl. grovt;Rån mot privatperson, äldre eller funktionsnedsatt, utan användning av skjutvapen; 316 ;- 93 ;- 23 ; 3 
8 kap. 5, 6 § BrB Rån inkl. grovt;Rån mot privatperson, ej äldre eller funktionsnedsatt, totalt;3 716 ;-1 165 ;- 24 ; 35 
8 kap. 5, 6 § BrB Rån inkl. grovt;Rån mot privatperson, ej äldre eller funktionsnedsatt, under 18 år, totalt; 971 ;- 476 ;- 33 ; 9 
8 kap. 5, 6 § BrB Rån inkl. grovt;Rån mot privatperson, ej äldre eller funktionsnedsatt, under 18 år utomhus, totalt; 852 ;- 438 ;- 34 ; 8 
8 kap. 5, 6 § BrB Rån inkl. grovt;Rån mot privatperson, ej äldre eller funktionsnedsatt,  under 18 år utomhus med användning av skjutvapen; 53 ;- 12 ;- 18 ; 1 
8 kap. 5, 6 § BrB Rån inkl. grovt;Rån mot privatperson, ej äldre eller funktionsnedsatt, under 18 år utomhus utan användning av skjutvapen; 799 ;- 426 ;- 35 ; 8 
8 kap. 5, 6 § BrB Rån inkl. grovt;Rån mot privatperson, ej äldre eller funktionsnedsatt, under 18 år inomhus, totalt; 119 ;- 38 ;- 24 ; 1 
8 kap. 5, 6 § BrB Rån inkl. grovt;Rån mot privatperson, ej äldre eller funktionsnedsatt, under 18 år inomhus med användning av skjutvapen; 7 ;- 7 ;- 50 ; 0 
8 kap. 5, 6 § BrB Rån inkl. grovt;Rån mot privatperson, ej äldre eller funktionsnedsatt, under 18 år inomhus utan användning av skjutvapen; 112 ;- 31 ;- 22 ; 1 
8 kap. 5, 6 § BrB Rån inkl. grovt;Rån mot privatperson, ej äldre eller funktionsnedsatt, 18 år eller äldre, totalt;2 745 ;- 689 ;- 20 ; 26 
8 kap. 5, 6 § BrB Rån inkl. grovt;Rån mot privatperson, ej äldre eller funktionsnedsatt, 18 år eller äldre utomhus, totalt;2 195 ;- 608 ;- 22 ; 21 
8 kap. 5, 6 § BrB Rån inkl. grovt;Rån mot privatperson, ej äldre eller funktionsnedsatt, 18 år eller äldre utomhus med användning av skjutvapen; 221 ;- 80 ;- 27 ; 2 
8 kap. 5, 6 § BrB Rån inkl. grovt;Rån mot privatperson, ej äldre eller funktionsnedsatt, 18 år eller äldre utomhus utan användning av skjutvapen;1 974 ;- 528 ;- 21 ; 19 
8 kap. 5, 6 § BrB Rån inkl. grovt;Rån mot privatperson, ej äldre eller funktionsnedsatt, 18 år eller äldre inomhus, totalt; 550 ;- 81 ;- 13 ; 5 
8 kap. 5, 6 § BrB Rån inkl. grovt;Rån mot privatperson, ej äldre eller funktionsnedsatt, 18 år eller äldre inomhus med användning av skjutvapen; 74 ;- 33 ;- 31 ; 1 
8 kap. 5, 6 § BrB Rån inkl. grovt;Rån mot privatperson, ej äldre eller funktionsnedsatt, 18 år eller äldre inomhus utan användning av skjutvapen; 476 ;- 48 ;- 9 ; 5 
8 kap. 5, 6 § BrB Rån inkl. grovt;Övriga rån, totalt; 457 ;- 194 ;- 30 ; 4 
8 kap. 5, 6 § BrB Rån inkl. grovt;Övriga rån med användning av skjutvapen; 32 ;- 42 ;- 57 ; 0 
8 kap. 5, 6 § BrB Rån inkl. grovt;Övriga rån utan användning av skjutvapen; 425 ;- 152 ;- 26 ; 4 
8 kap. 8-10 § BrB Övriga brott mot 8 kap. ;Övriga brott mot 8 kap.;15 486 ;-1 335 ;- 8 ; 147 
9 kap. BrB Bedrägeri och annan oredlighet;Bedrägeri och annan oredlighet, totalt;229 742 ;-7 950 ;- 3 ;2 177 
9 kap. 1 §, 2 § 1 st., 3 §  BrB Bedrägeri inkl. grovt. ;Bedrägeri, bedrägligt beteende, totalt;213 840 ;-7 861 ;- 4 ;2 027 
9 kap. 1 §, 2 § 1 st., 3 §  BrB Bedrägeri inkl. grovt. ;Genom social manipulation, totalt;48 120 ; 654 ; 1 ; 456 
9 kap. 1 §, 2 § 1 st., 3 §  BrB Bedrägeri inkl. grovt. ;Romansbedrägeri, totalt;1 403 ; 90 ; 7 ; 13 
9 kap. 1 §, 2 § 1 st., 3 §  BrB Bedrägeri inkl. grovt. ;Romansbedrägeri mot äldre eller funktionsnedsatt; 655 ; 127 ; 24 ; 6 
9 kap. 1 §, 2 § 1 st., 3 §  BrB Bedrägeri inkl. grovt. ;Romansbedrägeri ej mot äldre eller funktionsnedsatt; 748 ;- 37 ;- 5 ; 7 
9 kap. 1 §, 2 § 1 st., 3 §  BrB Bedrägeri inkl. grovt. ;Investeringsbedrägeri, totalt;3 286 ;- 670 ;- 17 ; 31 
9 kap. 1 §, 2 § 1 st., 3 §  BrB Bedrägeri inkl. grovt. ;Investeringsbedrägeri mot äldre/funktionsnedsatt;1 170 ; 3 ; 0 ; 11 
9 kap. 1 §, 2 § 1 st., 3 §  BrB Bedrägeri inkl. grovt. ;Investeringsbedrägeri ej mot äldre/funktionsnedsatt;2 116 ;- 673 ;- 24 ; 20 
9 kap. 1 §, 2 § 1 st., 3 §  BrB Bedrägeri inkl. grovt. ;Befogenhetsbedrägeri, totalt;13 803 ;1 492 ; 12 ; 131 
9 kap. 1 §, 2 § 1 st., 3 §  BrB Bedrägeri inkl. grovt. ;Befogenhetsbedrägeri mot äldre/funktionsnedsatt;8 776 ; 516 ; 6 ; 83 
9 kap. 1 §, 2 § 1 st., 3 §  BrB Bedrägeri inkl. grovt. ;Befogenhetsbedrägeri ej mot äldre/funktionsnedsatt;5 027 ; 976 ; 24 ; 48 
9 kap. 1 §, 2 § 1 st., 3 §  BrB Bedrägeri inkl. grovt. ;Genom social manipulation av  annan typ, totalt;29 628 ;- 258 ;- 1 ; 281 
9 kap. 1 §, 2 § 1 st., 3 §  BrB Bedrägeri inkl. grovt. ;Genom social manipulation av  annan typ mot äldre/funktionsnedsatt;16 188 ;- 508 ;- 3 ; 153 
9 kap. 1 §, 2 § 1 st., 3 §  BrB Bedrägeri inkl. grovt. ;Genom social manipulation av  annan typ ej mot äldre/funktionsnedsatt;13 440 ; 250 ; 2 ; 127 
9 kap. 1 §, 2 § 1 st., 3 §  BrB Bedrägeri inkl. grovt. ;Identitetsbedrägeri, totalt;9 849 ;- 741 ;- 7 ; 93 
9 kap. 1 §, 2 § 1 st., 3 §  BrB Bedrägeri inkl. grovt. ;Identitetsbedrägeri mot äldre/funktionsnedsatt;2 030 ; 94 ; 5 ; 19 
9 kap. 1 §, 2 § 1 st., 3 §  BrB Bedrägeri inkl. grovt. ;Identitetsbedrägeri ej mot äldre/funktionsnedsatt;7 819 ;- 835 ;- 10 ; 74 
9 kap. 1 §, 2 § 1 st., 3 §  BrB Bedrägeri inkl. grovt. ;Fakturabedrägeri, totalt;9 985 ;1 880 ; 23 ; 95 
9 kap. 1 §, 2 § 1 st., 3 §  BrB Bedrägeri inkl. grovt. ;Fakturabedrägeri mot äldre/funktionsnedsatt;2 939 ; 835 ; 40 ; 28 
9 kap. 1 §, 2 § 1 st., 3 §  BrB Bedrägeri inkl. grovt. ;Fakturabedrägeri ej mot äldre/funktionsnedsatt;7 046 ;1 045 ; 17 ; 67 
9 kap. 1 §, 2 § 1 st., 3 §  BrB Bedrägeri inkl. grovt. ;Kortbedrägeri (bank, betal- och kreditkort), totalt;97 258 ;-5 751 ;- 6 ; 922 
9 kap. 1 §, 2 § 1 st., 3 §  BrB Bedrägeri inkl. grovt. ;Kortbedrägeri med fysiskt kort, totalt;11 813 ;-2 347 ;- 17 ; 112 
9 kap. 1 §, 2 § 1 st., 3 §  BrB Bedrägeri inkl. grovt. ;Kortbedrägeri med fysiskt kort mot äldre/funktionsnedsatt;2 618 ;- 369 ;- 12 ; 25 
9 kap. 1 §, 2 § 1 st., 3 §  BrB Bedrägeri inkl. grovt. ;Kortbedrägeri med fysiskt kort ej mot äldre/funktionsnedsatt;9 195 ;-1 978 ;- 18 ; 87 
9 kap. 1 §, 2 § 1 st., 3 §  BrB Bedrägeri inkl. grovt. ;Kortbedrägeri utan fysiskt kort, totalt;85 445 ;-3 404 ;- 4 ; 810 
9 kap. 1 §, 2 § 1 st., 3 §  BrB Bedrägeri inkl. grovt. ;Annonsbedrägeri, totalt;24 608 ;-2 465 ;- 9 ; 233 
9 kap. 1 §, 2 § 1 st., 3 §  BrB Bedrägeri inkl. grovt. ;Annonsbedrägeri mot äldre/funktionsnedsatt;1 779 ; 266 ; 18 ; 17 
9 kap. 1 §, 2 § 1 st., 3 §  BrB Bedrägeri inkl. grovt. ;Annonsbedrägeri, ej mot äldre/funktionsnedsatt;22 829 ;-2 731 ;- 11 ; 216 
9 kap. 1 §, 2 § 1 st., 3 §  BrB Bedrägeri inkl. grovt. ;Försäkringsbedrägeri; 633 ;- 32 ;- 5 ; 6 
9 kap. 1 §, 2 § 1 st., 3 §  BrB Bedrägeri inkl. grovt. ;Lönegarantibedrägeri; 44 ;. ;. ; 0 
9 kap. 1 §, 2 § 1 st., 3 §  BrB Bedrägeri inkl. grovt. ;Bedrägeri mot EU:s finansiella intressen; 6 ;. ;. ; 0 
9 kap. 2 § 2 st. BrB Bedrägeri, ringa;Snyltningsbrott; 578 ;- 46 ;- 7 ; 5 
9 kap. 3 a § BrB Grovt fordringsbedrägeri ;Grovt fordringsbedrägeri; 6 ;- 6 ;- 50 ; 0 
9 kap. 1 §, 2 § 1 st., 3 §  BrB Bedrägeri inkl. grovt. ;Övrigt bedrägeri, totalt;22 753 ;-1 398 ;- 6 ; 216 
9 kap. 1 §, 2 § 1 st., 3 §  BrB Bedrägeri inkl. grovt. ;Övrigt bedrägeri mot äldre/funktionsnedsatt;5 904 ;- 253 ;- 4 ; 56 
9 kap. 1 §, 2 § 1 st., 3 §  BrB Bedrägeri inkl. grovt. ;Övrigt bedrägeri ej mot äldre/funktionsnedsatt;16 849 ;-1 145 ;- 6 ; 160 
9 kap. 3 b § BrB Subventionsmissbruk ;Subventionsmissbruk, totalt;- ;- 1 ;- 100 ;- 
9 kap. 3 c § BrB Olovlig befattning med betalningsverktyg;Olovlig befattning med betalningsverktyg, totalt; 395 ;- 22 ;- 5 ; 4 
9 kap. 4 § BrB Utpressning ;Utpressning, totalt;8 707 ;- 257 ;- 3 ; 83 
9 kap. 5 § BrB Ocker ;Ocker, totalt; 63 ; 15 ; 31 ; 1 
9 kap. 6, 7 § BrB Häleri, häleriförseelse ;Häleri, häleriförseelse, totalt;6 233 ; 148 ; 2 ; 59 
9 kap. 6 § BrB Häleri, häleriförseelse, inkl. grovt;Häleri;2 276 ; 108 ; 5 ; 22 
9 kap. 7 § BrB Häleri, häleriförseelse ;Häleriförseelse;3 957 ; 40 ; 1 ; 38 
9 kap. 8-10 § Oredligt förfarande, svindleri, ockerpantning ;Oredligt förfarande, svindleri, ockerpantning, totalt; 504 ; 28 ; 6 ; 5 
10 kap. BrB Förskingring och annan trolöshet;Förskingring och annan trolöshet, totalt;13 550 ; 590 ; 5 ; 128 
10 kap. 1-3 § BrB Förskingring, grov förskingring, undandräkt;Förskingring, undandräkt, totalt;1 202 ;- 211 ;- 15 ; 11 
10 kap. 4 § BrB Olovligt förfogande;Olovligt förfogande, totalt;9 593 ; 417 ; 5 ; 91 
10 kap. 5 § BrB Trolöshet mot huvudman ;Trolöshet mot huvudman, totalt;1 254 ; 510 ; 69 ; 12 
10 kap. 5 a, 5 c § BrB Tagande av muta inkl. grov ;Tagande av muta; 70 ;- 40 ;- 36 ; 1 
10 kap. 5 b, 5 c § BrB Givande av muta inkl. grov;Givande av muta; 65 ;- 75 ;- 54 ; 1 
10 kap. 5 d, 5 e § BrB Handel med inflytande och/eller vårdslös finansiering av mutbrott ;Handel med inflytande och/eller vårdslös finansiering av mutbrott ; 9 ; 1 ; 13 ; 0 
10 kap. 7 § BrB Olovligt brukande ;Olovligt brukande, totalt;1 122 ;- 43 ;- 4 ; 11 
10 kap. 8 § BrB Fyndförseelse;Fyndförseelse, totalt; 152 ; 27 ; 22 ; 1 
10 kap. 6 § BrB Behörighetsmissbruk;Behörighetsmissbruk, totalt; 83 ; 4 ; 5 ; 1 
11 kap. BrB Brott mot borgenärer m.m.;Brott mot borgenärer m.m., totalt;21 763 ;4 900 ; 29 ; 206 
11 kap. 1 § BrB Oredlighet mot borgenärer;Oredlighet mot borgenärer; 492 ; 130 ; 36 ; 5 
11 kap. 2 § BrB Försvårande av konkurs eller exekutiv förrättning ;Försvårande av konkurs eller exekutiv förrättning ; 32 ; 15 ; 88 ; 0 
11 kap. 3  § BrB Vårdslöshet mot borgenärer;Vårdslöshet mot borgenärer; 44 ; 16 ; 57 ; 0 
11 kap. 4 § BrB Otillbörligt gynnande av borgenär;Otillbörligt gynnande av borgenär; 64 ; 15 ; 31 ; 1 
11 kap. 5 § BrB Bokföringsbrott;Bokföringsbrott ;21 131 ;4 724 ; 29 ; 200 
12 kap. BrB Skadegörelsebrott;Skadegörelsebrott, totalt;198 810 ;-19 773 ;- 9 ;1 884 
12 kap. 1-3 § BrB Skadegörelse, grov skadegörelse, åverkan ;Skadegörelse, åverkan, totalt;198 775 ;-19 782 ;- 9 ;1 884 
12 kap. 1-3 § BrB Skadegörelse, grov skadegörelse, åverkan ;Genom brand (även på motorfordon), totalt;3 910 ;- 690 ;- 15 ; 37 
12 kap. 1-3 § BrB Skadegörelse, grov skadegörelse, åverkan ;Bilbrand eller brand på andra motorfordon;1 568 ;- 245 ;- 14 ; 15 
12 kap. 1-3 § BrB Skadegörelse, grov skadegörelse, åverkan ;Brand på annat än motorfordon;2 342 ;- 445 ;- 16 ; 22 
12 kap. 1-3 § BrB Skadegörelse, grov skadegörelse, åverkan ;På motorfordon (inte genom brand);27 188 ;-1 208 ;- 4 ; 258 
12 kap. 1-3 § BrB Skadegörelse, grov skadegörelse, åverkan ;Klotter mot kollektivtrafik;38 193 ;3 308 ; 9 ; 362 
12 kap. 1-3 § BrB Skadegörelse, grov skadegörelse, åverkan ;Övrigt klotter, ej mot kollektivtrafik;35 077 ;-18 744 ;- 35 ; 332 
12 kap. 1-3 § BrB Skadegörelse, grov skadegörelse, åverkan ;Mot stat, region (landsting), kommun, (ej klotter);58 903 ;1 617 ; 3 ; 558 
12 kap. 1-3 § BrB Skadegörelse, grov skadegörelse, åverkan ;Annan skadegörelse (ej klotter);35 504 ;-4 065 ;- 10 ; 336 
12 kap. 4 § BrB Tagande av olovlig väg;Tagande av olovlig väg ; 35 ; 9 ; 35 ; 0 
13-15 kap. BrB Brott mot allmänheten;Brott mot allmänheten, totalt;16 152 ; 527 ; 3 ; 153 
13 kap. BrB Allmänfarliga brott;Allmänfarliga brott, totalt;4 232 ;- 808 ;- 16 ; 40 
13 kap 1, 2 § BrB Mordbrand inkl. grov;Mordbrand;1 065 ;- 345 ;- 24 ; 10 
13 kap 3 § BrB Allmänfarlig ödeläggelse inkl. grovt;Allmänfarlig ödeläggelse, totalt; 406 ;- 13 ;- 3 ; 4 
13 kap 3 § BrB Allmänfarlig ödeläggelse inkl. grovt;Genom sprängning; 368 ;- 20 ;- 5 ; 3 
13 kap 3 § BrB Allmänfarlig ödeläggelse inkl. grovt;Genom sprängning, fullbordat brott; 152 ;- 4 ;- 3 ; 1 
13 kap 3 § BrB Allmänfarlig ödeläggelse inkl. grovt;Genom sprängning, försök med mera till brott; 216 ;- 16 ;- 7 ; 2 
13 kap 3 § BrB Allmänfarlig ödeläggelse inkl. grovt;Ej genom sprängning; 38 ; 7 ; 23 ; 0 
13 kap 5 c § BrB Sabotage mot blåljusverksamhet inkl. grovt ;Sabotage mot blåljusverksamhet, totalt; 279 ;- 78 ;- 22 ; 3 
13 kap. 6 § BrB Allmänfarlig vårdslöshet;Allmänfarlig vårdslöshet, totalt;2 099 ;- 398 ;- 16 ; 20 
13 kap. 6 § BrB Allmänfarlig vårdslöshet;Vållande av brand;1 790 ;- 356 ;- 17 ; 17 
13 kap. 6 § BrB Allmänfarlig vårdslöshet;Annan allmänfarlig vårdslöshet; 309 ;- 42 ;- 12 ; 3 
13 kap. 7-9 § BrB Spridande av gift eller smitta förgöring, vårdslöshet med gift eller smittämne ;Spridande av gift eller smitta förgöring, vårdslöshet med gift eller smittämne, totalt; 102 ;- 21 ;- 17 ; 1 
13 kap. 3-5 b, 10 Övriga brott mot 13 kap.;Övriga brott mot 13 kap.; 281 ; 47 ; 20 ; 3 
14 kap. BrB Förfalskningsbrott;Förfalskningsbrott, totalt;6 616 ; 459 ; 7 ; 63 
14 kap. 1-4, 10 § BrB Urkundsförfalskning m.m.;Urkundsförfalskning m.m., totalt;4 168 ; 116 ; 3 ; 40 
14 kap. 1-4, 10 § BrB Urkundsförfalskning m.m.;Check; 2 ;- 1 ;- 33 ; 0 
14 kap. 1-4, 10 § BrB Urkundsförfalskning m.m.;Legitimationshandling; 848 ;- 46 ;- 5 ; 8 
14 kap. 1-4, 10 § BrB Urkundsförfalskning m.m.;Handling som  använts för illegal invandring (pass, resedokument, uppehållstillstånd m.m.); 221 ;- 56 ;- 20 ; 2 
14 kap. 1-4, 10 § BrB Urkundsförfalskning m.m.;Övrig legitimationshandling; 627 ; 10 ; 2 ; 6 
14 kap. 1-4, 10 § BrB Urkundsförfalskning m.m.;Övrig urkundsförfalskning;3 318 ; 163 ; 5 ; 31 
14 kap. 5, 10 § BrB Signaturförfalskning;Signaturförfalskning, totalt; 32 ;- 4 ;- 11 ; 0 
14 kap. 6, 7, 10, 11 § BrB Penningförfalskning m.m. ;Penningförfalskning m.m., totalt;1 542 ; 408 ; 36 ; 15 
14 kap. 8-11 § BrB Övriga brott;Övriga brott mot 14 kap.; 874 ;- 61 ;- 7 ; 8 
15 kap. Mened, falskt åtal m.m.;15 kap. Mened, falskt åtal m.m. totalt;5 304 ; 876 ; 20 ; 50 
15 kap. 1-3 § BrB Mened, osann partsutsaga m.m.;Mened, osann partsutsaga m.m., totalt; 273 ;- 5 ;- 2 ; 3 
15 kap. 7 § BrB Falsk tillvitelse, vårdslös tillvitelse;Falsk tillvitelse, vårdslös tillvitelse, totalt;3 024 ; 685 ; 29 ; 29 
15 kap. 11, 12 § BrB Osant intygande, brukande av osann urkund;Missbruk av urkund avs. pass och övr. resedokument samt utfärdat pass på falska grunder, totalt; 550 ; 4 ; 1 ; 5 
15 kap. 4 a, 4 b, 5, 6, 8-13 § BrB Övriga brott;Övriga brott mot 15 kap.;1 457 ; 192 ; 15 ; 14 
16-20 kap. BrB Brott mot staten;Brott mot staten, totalt;46 361 ;-6 298 ;- 12 ; 439 
16 kap. BrB Brott mot allmän ordning;Brott mot allmän ordning, totalt;10 920 ;-8 805 ;- 45 ; 103 
16 kap. 5 a § BrB Involverande av en underårig i brottslighet ;Involverande av en underårig i brottslighet, totalt; 420 ;. ;. ; 4 
16 kap. 15 § 1, 2 st. BrB Falskt larm;Falskt larm, totalt; 891 ; 180 ; 25 ; 8 
16 kap. 15 § 3 st. BrB Missbruk av larmanordning;Missbruk av larmanordning, totalt; 127 ;- 11 ;- 8 ; 1 
16 kap. 8 § BrB Hets mot folkgrupp;Hets mot folkgrupp, totalt; 995 ; 53 ; 6 ; 9 
16 kap. 9 § BrB Olaga diskriminering;Olaga diskriminering, totalt; 66 ; 3 ; 5 ; 1 
16 kap. 10 a § BrB Barnpornografibrott ;Barnpornografibrott, totalt;5 969 ;-9 827 ;- 62 ; 57 
16 kap. 13 § BrB Djurplågeri ;Djurplågeri, totalt;1 915 ; 355 ; 23 ; 18 
16 kap. 1-6, 10-14 § BrB Övriga brott ;Övriga brott mot 16 kap. ; 537 ; 128 ; 31 ; 5 
17 kap. BrB Brott mot allmän verksamhet;Brott mot allmän verksamhet, totalt;24 364 ; 272 ; 1 ; 231 
17 kap. 1, 5 § BrB Våld mot tjänsteman o.d.;Våld mot tjänsteman, totalt;3 605 ;- 244 ;- 6 ; 34 
17 kap. 1 § BrB Våld mot tjänsteman;Mot polis;1 133 ;- 103 ;- 8 ; 11 
17 kap. 1 § BrB Våld mot tjänsteman;Mot ordningsvakt ;1 045 ;- 194 ;- 16 ; 10 
17 kap. 1, 5 § BrB Våld mot tjänsteman o.d.;Mot annan person;1 427 ; 53 ; 4 ; 14 
17 kap. 1, 5 § BrB Hot m.m. mot tjänsteman o.d.;Hot m.m. mot tjänsteman o.d.;6 250 ;- 101 ;- 2 ; 59 
17 kap. 4, 5 § BrB Våldsamt motstånd;Våldsamt motstånd, totalt;4 578 ;- 135 ;- 3 ; 43 
17 kap. 10 § BrB Övergrepp i rättssak;Övergrepp i rättssak, totalt;4 516 ;- 75 ;- 2 ; 43 
17 kap. BrB 8, 9, 11-13, 15 § Övriga brott;Övriga brott mot 17 kap.;5 415 ; 827 ; 18 ; 51 
18 kap. BrB Högmålsbrott;Högmålsbrott, totalt; 3 ;- 7 ;- 70 ; 0 
19 kap. BrB Brott mot rikets säkerhet;Brott mot rikets säkerhet, totalt; 9 ;- 4 ;- 31 ; 0 
20 kap. BrB Tjänstefel m.m.;Tjänstefel m.m. totalt;11 065 ;2 246 ; 25 ; 105 
20 kap. 1 § BrB Tjänstefel inkl.grovt ;Tjänstefel;10 617 ;2 137 ; 25 ; 101 
20 kap. 3 § BrB Brott mot tystnadsplikt;Brott mot tystnadsplikt; 448 ; 109 ; 32 ; 4 
22 kap. BrB Om landsförräderi m.m.;Om landsförräderi m.m. totalt; 31 ; 17 ; 121 ; 0 
Brott mot specialstraffrättsliga författningar;Brott mot specialstraffrättsliga författningar, totalt;295 214 ;22 804 ; 8 ;2 798 
Lag (1951:649) om straff för vissa trafikbrott;Trafikbrottslagen, totalt;63 392 ;-2 011 ;- 3 ; 601 
1 § 2 st. TBL Grov vårdslöshet i trafik ;Grov vårdslöshet i trafik, totalt; 909 ;- 19 ;- 2 ; 9 
3 § 1 st. TBL Olovlig  körning, grov olovlig körning ;Olovlig  körning, totalt;17 730 ;-1 484 ;- 8 ; 168 
4, 4 a § TBL Rattfylleri inkl. grovt;Rattfylleri, alkoholpåverkan inkl. både alkohol och narkotika;10 452 ;- 100 ;- 1 ; 99 
4 § 2 st., 4 a § TBL Rattfylleri inkl. grovt;Rattfylleri, enbart påverkan av narkotika;12 157 ;- 447 ;- 4 ; 115 
5 § TBL Smitning, trafikolycka;Smitning, trafikolycka, totalt;21 083 ; 40 ; 0 ; 200 
5 § TBL Smitning, trafikolycka;Med betydande materialskador, personskador eller dödligt utfall;1 310 ;- 77 ;- 6 ; 12 
5 § TBL Smitning, trafikolycka;Med inga eller lindriga material- och personskador;19 773 ; 117 ; 1 ; 187 
3 § 2 och 3 st. TBL Övriga brott ;Övriga brott mot trafikbrottslagen;1 061 ;- 1 ;- 0 ; 10 
Narkotikastrafflag (1968:64);Narkotikastrafflagen, totalt;129 595 ;18 399 ; 17 ;1 228 
1-3 a § NSL Narkotikabrott inkl. grovt, vårdslöshet med narkotika;Överlåtelse m.m. ;7 634 ;-1 168 ;- 13 ; 72 
1-3 § NSL Narkotikabrott inkl. grovt;Innehav ;77 473 ;19 521 ; 34 ; 734 
1-3 § NSL Narkotikabrott inkl. grovt;Eget bruk;44 125 ; 18 ; 0 ; 418 
1-3 § NSL Narkotikabrott inkl. grovt;Framställning; 363 ; 28 ; 8 ; 3 
Miljöbalken (1998:808);Miljöbalken, totalt;5 413 ; 941 ; 21 ; 51 
29 kap. 1 § MB Miljöbrott inkl. grovt;Miljöbrott;1 258 ; 190 ; 18 ; 12 
29 kap. 2, 2 a § MB Brott eller förseelse mot områdesskydd ;Brott eller förseelse mot områdesskydd; 493 ; 19 ; 4 ; 5 
29 kap. 2 b § MB Artskydd inkl grovt ;Artskydd; 167 ;- 10 ;- 6 ; 2 
29 kap. 2 c § MB Otillåten hantering av invasiv främmande art;Otillåten hantering av invasiv främmande art ; 2 ;- ;- ; 0 
29 kap. 3, 3 a § MB Miljöfarlig eller olovlig kemikaliehantering ;Miljöfarlig eller olovlig kemikaliehantering ; 342 ; 161 ; 89 ; 3 
29 kap. 1 § MB Otillåten miljöverksamhet;Otillåten miljöverksamhet ; 922 ; 56 ; 6 ; 9 
29 kap. 4 a § 1–15 p MB Otillåten avfallstransport;Otillåten avfallstransport ; 194 ; 109 ; 128 ; 2 
29 kap. 5 § MB Försvårande av miljökontroll;Försvårande av miljökontroll ; 84 ;- 8 ;- 9 ; 1 
29 kap. 6 § MB Bristfällig miljöinformation;Bristfällig miljöinformation; 82 ; 5 ; 6 ; 1 
29 kap. 7 § MB Nedskräpning;Nedskräpning;1 791 ; 414 ; 30 ; 17 
29 kap. 8 § MB Övriga brott mot miljöbalken;Övriga brott mot miljöbalken ; 78 ; 5 ; 7 ; 1 
Skattebrottslag (1971:69);Skattebrottslagen, totalt ;5 650 ;-1 862 ;- 25 ; 54 
SBL 2, 3 § Skattebrott, skatteförseelse;Skattebrott, skatteförseelse, totalt;2 691 ;. ;. ; 26 
SBL 4 § Grovt skattebrott;Grovt skattebrott, totalt;1 136 ;. ;. ; 11 
SBL 5 § Vårdslös skatteuppgift ;Vårdslös skatteuppgift; 7 ;- 19 ;- 73 ; 0 
SBL 6 § Skatteavdragsbrott ;Skatteavdragsbrott; 233 ; 158 ; 211 ; 2 
SBL 7, 8 § Skatteredovisningsbrott, vårdslös skatteredovisning ;Skatteredovisningsbrott, vårdslös skatteredovisning ; 57 ;- 26 ;- 31 ; 1 
SBL 10 § Försvårande av skattekontroll;Försvårande av skattekontroll ;1 526 ;- 253 ;- 14 ; 14 
Lag (1986:436) om näringsförbud, 47 §;Överträdelse av lagen om näringsförbud; 110 ; 41 ; 59 ; 1 
Aktiebolagslag (2005:551);Aktiebolagslagen, totalt; 505 ; 115 ; 29 ; 5 
ABL 30 kap. 1 § 2 st. 2 p. Underlåtenhet att föra/hålla aktiebok tillgänglig ;Underlåtenhet att föra/hålla aktiebok tillgänglig; 12 ;- 10 ;- 45 ; 0 
ABL 30 kap. 1 § 1 st. 4 p. Brott mot låneförbud m.m. ;Brott mot låneförbud m.m. ; 175 ; 4 ; 2 ; 2 
ABL 30 kap. 1 § 3 st. Brott mot bulvan/målvaktsbestämmelser ;Brott mot bulvan/målvaktsbestämmelser ; 307 ; 124 ; 68 ; 3 
ABL 30 kap. 1 § 1 st. 1 p., 3 p. och 2 § Övriga brott ;Övriga brott mot aktiebolagslagen ; 11 ;- 3 ;- 21 ; 0 
Lag (2016:1307) om straff för marknadsmissbruk på värdepappersmarknaden;Lag om straff för marknadsmissbruk m.m, totalt; 402 ; 167 ; 71 ; 4 
Lag 2016:1307 2 kap. 2-4, 7 § Insiderbrott m.m.;Insiderbrott m.m.; 351 ; 204 ; 139 ; 3 
Lag 2016:1307 2 kap.3 § Obehörigt röjande av insiderinformation ;Obehörigt röjande av insiderinformation; 1 ;- 1 ;- 50 ; 0 
Lag 2016:1307 2 kap.4, 7 § Marknadsmanipulation, inkl. grov;Marknadsmanipulation; 50 ;- 36 ;- 42 ; 0 
Lag (2014:307) om straff för penningtvättsbrott;Penningtvättsbrott, totalt;17 491 ; 80 ; 0 ; 166 
Lag 2014:307, 3-4 § Penningtvättsbrott ;Penningtvättsbrott ;15 193 ;- 222 ;- 1 ; 144 
Lag 2014:307, 5 § Penningtvättsbrott, grovt brott;Penningtvättsbrott; 782 ;- 73 ;- 9 ; 7 
Lag 2014:307, 6 § Penningtvättsförseelse ;Penningtvättsförseelse; 258 ; 3 ; 1 ; 2 
Lag 2014:307, 7 § 1-3 st Näringspenningtvätt;Näringspenningtvätt ;1 258 ; 372 ; 42 ; 12 
Bidragsbrottslag (2007:612);Bidragsbrottslagen, totalt;20 597 ; 242 ; 1 ; 195 
Lag 2007:612, 2-4 § Bidragsbrottslag;Mot Försäkringskassan;12 899 ;- 792 ;- 6 ; 122 
Lag 2007:612, 2-4 § Bidragsbrottslag;Mot kommunerna;1 174 ; 22 ; 2 ; 11 
Lag 2007:612, 2-4 § Bidragsbrottslag;Mot a-kassorna och Arbetsförmedlingen;4 261 ; 292 ; 7 ; 40 
Lag 2007:612, 2-4 § Bidragsbrottslag;Mot PPM, CSN och Migrationsverket;2 263 ; 720 ; 47 ; 21 
Lag (2000:1225) om straff för smuggling;Smugglingslagen, totalt;6 793 ;. ;. ; 64 
Lag (2000:1225) 3-5, 7, 14 § Smugglingsbrott och olovlig in- och utförsel;Smugglingsbrott och olovlig in- och utförsel, ej narkotika;1 785 ;. ;. ; 17 
Lag (2000:1225) 6, 7, 14 § Narkotikasmuggling och olovlig in- och utförsel av narkotika ;Narkotikasmuggling och olovlig in- och utförsel av narkotika ;4 140 ;. ;. ; 39 
Lag (2000:1225)6 a, 7 , 14 § Vapensmuggling, olovlig in- och utförsel;Vapensmuggling, olovlig in- och utförsel; 409 ;. ;. ; 4 
Lag (2000:1225)6 a, 7 , 14 § Vapensmuggling, olovlig in- och utförsel;Av pistol, revolver eller start-, signal- och tårgasvapen; 231 ;. ;. ; 2 
Lag (2000:1225)6 a, 7 , 14 § Vapensmuggling, olovlig in- och utförsel;Av automatvapen (inkl. kulsprutepistol) ; 9 ;. ;. ; 0 
Lag (2000:1225)6 a, 7 , 14 § Vapensmuggling, olovlig in- och utförsel;Av jaktvapen ; 7 ;. ;. ; 0 
Lag (2000:1225)6 a, 7 , 14 § Vapensmuggling, olovlig in- och utförsel;Av annat vapen ; 160 ;. ;. ; 2 
Lag (2000:1225) 6 b, 7, 14 § Smuggling av explosiv vara, olovlig in- och utförsel;Smuggling av explosiv vara, olovlig in- och utförsel; 102 ;. ;. ; 1 
Lag (2000:1225) 8-11, 14 § Tullbrott och vårdslös tullredovisning ;Tullbrott och vårdslös tullredovisning; 269 ;. ;. ; 3 
Lag (2000:1225) 12-14 § Olovlig befattning med smuggelgods ;Olovlig befattning med smuggelgods ; 88 ;. ;. ; 1 
Lag (1998:506) om punktskattekontroll av transporter m.m. av alkoholvaror, tobaksvaror och energiprodukter 5 kap. 1, 1 a-c §;Lagen om punktskattekontroll ; 127 ;- 12 ;- 9 ; 1 
Lag (1992:860) om kontroll av narkotika;Lagen om kontroll av narkotika (13 §);- ;- ;. ;- 
Alkohollag (2010:1622) 11 kap.;Alkohollagen, totalt; 998 ; 158 ; 19 ; 9 
Lag (2010:1622) 11 kap. (1 § 1 p., 2 , 4 §) Olovlig befattning med sprit genom tillverkning, inkl. grov ;Olovlig befattning med sprit genom tillverkning; 44 ;- 4 ;- 8 ; 0 
Lag (2010:1622) 11 kap.  (1 § 2 p., 4 §) Olovlig befattning med olovligt tillverkad sprit genom förvärv, innehav m.m.;Olovlig befattning med olovligt tillverkad sprit genom förvärv, innehav m.m.; 88 ;- 26 ;- 23 ; 1 
Lag (2010:1622) 11 kap.(3, 4, 6 §) Olovlig försäljning av alkohol inkl. grov, olovligt innehav av alkohol ;Olovlig försäljning av alkohol, olovligt innehav av alkohol ; 391 ; 85 ; 28 ; 4 
Lag (2010:1622) 11 kap. (5 §) Olovlig vin- och öltillverkning m.m.;Olovlig vin- och öltillverkning m.m. ; 4 ;- 4 ;- 50 ; 0 
Lag (2010:1622) 11 kap.  (7, 9 §)Olovligt anskaffande av alkohol, olovlig hantering av alkohol;Olovligt anskaffande av alkohol, olovlig hantering av alkohol ; 464 ; 116 ; 33 ; 4 
Lag (2010:1622) 11 kap.(8 §) Olovlig försäljning av teknisk sprit m.m. ;Olovlig försäljning av teknisk sprit m.m. ; 7 ;- 9 ;- 56 ; 0 
Lag (2018:2088) om tobak och liknande produkter;Tobakslagen; 311 ; 43 ; 16 ; 3 
Lag om tobaksfria nikotinprodukter;Lag om tobaksfria nikotinprodukter; 76 ; 26 ; 52 ; 1 
Lag om förbud mot vissa hälsofarliga varor (3 § 1 st. och 4 §);Lag om förbud mot vissa hälsofarliga varor; 112 ; 28 ; 33 ; 1 
Lag om brandfarliga och explosiva varor (6 §, 16 § 1 st, 28 § 1 st, 29 § 2 st, 29a §);Lag om brandfarliga och explosiva varor; 752 ; 153 ; 26 ; 7 
Läkemedelslag (2015:315) 16 kap. 1 §;Läkemedelslag; 179 ; 93 ; 108 ; 2 
Lag (2009:366) om handel med läkemedel (9 kap. 1, 1 a §);Lag om handel med läkemedel ; 783 ; 751 ;2 347 ; 7 
Lag (2009:730) om handel med vissa receptfria läkemedel 24 §;Lag om handel med vissa receptfria läkemedel; 4 ;- ;- ; 0 
Vapenlag (1996:67) 9 kap. 1-3 §;Vapenlagen, totalt;9 623 ; 238 ; 3 ; 91 
Vapenlag (1996:67) 1, 1 a § Vapenbrott inkl. grovt, synnerligen grovt;"Vapenbrott; innehav, totalt";7 817 ; 75 ; 1 ; 74 
Vapenlag (1996:67) 1, 1 a § Vapenbrott inkl. grovt, synnerligen grovt;Innehav av pistol, revolver eller start-, signal- och tårgasvapen;4 146 ; 98 ; 2 ; 39 
Vapenlag (1996:67) 1 § Vapenbrott, ej grovt brott;Innehav av pistol, revolver eller start-, signal- och tårgasvapen;1 444 ; 18 ; 1 ; 14 
Vapenlag (1996:67) 1 a § Grovt vapenbrott, synnerligen grovt vapenbrott;Innehav av pistol, revolver eller start-, signal- och tårgasvapen;2 702 ; 80 ; 3 ; 26 
Vapenlag (1996:67) 1, 1 a § Vapenbrott inkl. grovt, synnerligen grovt;Innehav av automatvapen (inkl. kulsprutepistol) ; 396 ;- 44 ;- 10 ; 4 
Vapenlag (1996:67) 1 § Vapenbrott, ej grovt brott;Innehav av automatvapen (inkl. kulsprutepistol) ; 54 ; 5 ; 10 ; 1 
Vapenlag (1996:67) 1 a § Grovt vapenbrott, synnerligen grovt vapenbrott;Innehav av automatvapen (inkl. kulsprutepistol) ; 342 ;- 49 ;- 13 ; 3 
Vapenlag (1996:67) 1, 1 a § Vapenbrott inkl. grovt, synnerligen grovt;Innehav av jaktvapen, totalt; 887 ; 21 ; 2 ; 8 
Vapenlag (1996:67) 1 § Vapenbrott, ej grovt brott;Innehav av jaktvapen; 753 ; 45 ; 6 ; 7 
Vapenlag (1996:67) 1 a § Grovt vapenbrott, synnerligen grovt vapenbrott;Innehav av jaktvapen; 134 ;- 24 ;- 15 ; 1 
Vapenlag (1996:67) 1, 1 a § Vapenbrott inkl. grovt, synnerligen grovt;Innehav av annat vapen, totalt;2 388 ;- ;- ; 23 
Vapenlag (1996:67) 1 § Vapenbrott, ej grovt brott;Innehav av annat vapen;1 783 ;- 79 ;- 4 ; 17 
Vapenlag (1996:67) 1 a § Grovt vapenbrott, synnerligen grovt vapenbrott;Innehav av annat vapen; 605 ; 79 ; 15 ; 6 
Vapenlag (1996:67) 1, 1 a § Vapenbrott inkl. grovt, synnerligen grovt;"Vapenbrott; överlåtelse, utlåning av skjutvapen, totalt"; 102 ;- 16 ;- 14 ; 1 
Vapenlag (1996:67) 1 § Vapenbrott, ej grovt brott;"Vapenbrott; överlåtelse, utlåning av skjutvapen"; 71 ;- 13 ;- 15 ; 1 
Vapenlag (1996:67) 1 a § Grovt vapenbrott, synnerligen grovt vapenbrott;"Vapenbrott; överlåtelse, utlåning av skjutvapen"; 31 ;- 3 ;- 9 ; 0 
Vapenlag (1996:67) 1 b, 2 § Annat brott;Annat brott mot Vapenlagen;1 704 ; 179 ; 12 ; 16 
Lag (1988:254)  1, 2, 4 § om förbud beträffande knivar och andra farliga föremål;Lagen om förbud betr. knivar m.m. ;8 840 ;-1 518 ;- 15 ; 84 
Jaktlag (1987:259) 43, 44, 46 §;Jaktlagen, totalt; 374 ;- 37 ;- 9 ; 4 
Jaktlag (1987:259) 43, 44, 46 §;Illegal rovdjursjakt (varg, björn, järv, lodjur och kungsörn); 35 ;- 5 ;- 13 ; 0 
Jaktlag (1987:259) 43, 44, 46 §;Övriga brott mot jaktlagen; 339 ;- 32 ;- 9 ; 3 
Fiskelag (1993:787) 37-38, 39 a-40 a §;Fiskelagen; 399 ; 8 ; 2 ; 4 
Lag (1980:424) om åtgärder mot förorening från fartyg;Lagen om åtgärder mot förorening från fartyg; 132 ;- 33 ;- 20 ; 1 
Arbetsmiljölag (1977:1160) 8 kap. 1,  2 §;Arbetsmiljölagen ; 98 ;- 20 ;- 17 ; 1 
Utlänningslag (2005:716),  20 kap.;Utlänningslagen, totalt;1 484 ; 86 ; 6 ; 14 
UtlL 20 kap. 2 § Uppsåtligen uppehåller sig i Sverige trots beslut om utvisning ;Uppsåtligen uppehåller sig i Sverige trots beslut om utvisning ; 75 ; 12 ; 19 ; 1 
UtlL 20 kap. 5 § Har utlänning anställd som inte har rätt att vistas i Sverige, eller saknar arbetstillstånd ;Har utlänning anställd som inte har rätt att vistas i Sverige, eller saknar arbetstillstånd;1 106 ; 106 ; 11 ; 10 
UtlL 20 kap. 7 § Hjälp till utlänning att olovligen uppehålla sig i Sverige, annan EU-stat eller Schengenområdet;Hjälp till utlänning att olovligen uppehålla sig i Sverige, annan EU-stat eller Schengenområdet; 3 ;- 5 ;- 63 ; 0 
UtlL 20 kap. 8 § Människosmuggling;Människosmuggling; 93 ;- 14 ;- 13 ; 1 
UtlL 20 kap. 9 § Organiserande av människosmuggling;Organiserande av människosmuggling; 8 ; 1 ; 14 ; 0 
UtlL 20 kap. 4-7 § Övriga brott;Övriga brott mot utlänningslagen; 199 ;- 14 ;- 7 ; 2 
Lag (1988:688) om kontaktförbud;Lagen om kontaktförbud, totalt;3 757 ; 511 ; 16 ; 36 
Lag (1988:688) 24 § Överträdelse av kontaktförbud;Med elektronisk övervakning; 49 ; 46 ;1 533 ; 0 
Lag (1988:688) 24 § Överträdelse av kontaktförbud;Utan elektronisk övervakning;3 476 ; 273 ; 9 ; 33 
Lag (1988:688) 24 § Överträdelse av kontaktförbud;Mot barn under 18 år, totalt; 91 ;- 1 ;- 1 ; 1 
Lag (1988:688) 24 § Överträdelse av kontaktförbud;Mot flicka under 18 år; 62 ; 7 ; 13 ; 1 
Lag (1988:688) 24 § Överträdelse av kontaktförbud;Mot pojke under 18 år; 29 ;- 8 ;- 22 ; 0 
Lag (1988:688) 24 § Överträdelse av kontaktförbud;Mot kvinna 18 år eller äldre, totalt;2 879 ; 277 ; 11 ; 27 
Lag (1988:688) 24 § Överträdelse av kontaktförbud;Närstående genom parrelation;2 227 ; 397 ; 22 ; 21 
Lag (1988:688) 24 § Överträdelse av kontaktförbud;Närstående genom släktskap/familj; 141 ;- 104 ;- 42 ; 1 
Lag (1988:688) 24 § Överträdelse av kontaktförbud;Annan sorts relation eller bekantskap; 406 ;- 17 ;- 4 ; 4 
Lag (1988:688) 24 § Överträdelse av kontaktförbud;Obekanta; 105 ; 1 ; 1 ; 1 
Lag (1988:688) 24 § Överträdelse av kontaktförbud;Mot man 18 år eller äldre, totalt; 506 ;- 3 ;- 1 ; 5 
Lag (1988:688) 24 § Överträdelse av kontaktförbud;Närstående genom parrelation; 163 ; 29 ; 22 ; 2 
Lag (1988:688) 24 § Överträdelse av kontaktförbud;Närstående genom släktskap/familj; 75 ;- 128 ;- 63 ; 1 
Lag (1988:688) 24 § Överträdelse av kontaktförbud;Annan sorts relation eller bekantskap; 193 ; 61 ; 46 ; 2 
Lag (1988:688) 24 § Överträdelse av kontaktförbud;Obekanta; 75 ; 35 ; 88 ; 1 
Lag (1988:688) 25 § Hindrande av elektronisk övervakning ;Hindrande av elektronisk övervakning; 232 ; 192 ; 480 ; 2 
Lag (2005:321) om tillträdesförbud vid idrottsarrangemang;Lagen om tillträdesförbud vid idrottsarrangemang; 10 ;- ;- ; 0 
Kulturmiljölag (1988:950) 2 kap. 21, 21 a §;Kulturmiljölagen; 58 ;- 32 ;- 36 ; 1 
Spellag (2018:1138) ;Spellagen, totalt; 31 ; 3 ; 11 ; 0 
Spellag (2018:1138), 19 kap. 1, 3 §, inkl. grovt;Olovlig spelverksamhet; 26 ; 12 ; 86 ; 0 
Spellag (2018:1138), 19 kap. 2, 3 §, inkl. grovt;Främjande av olovligt spel; 3 ;- 1 ;- 25 ; 0 
Spellag (2018:1138), 19 kap. 4,5 §, inkl. grovt;Spelfusk; 2 ;- 8 ;- 80 ; 0 
Lag (1991:1969) om förbud mot vissa dopningsmedel;Lagen om förbud mot vissa dopningmedel;2 470 ; 221 ; 10 ; 23 
Lag (1991:1969) om förbud mot vissa dopningsmedel, 2 § 4, 5 p., 3, 3 a §, inkl. grovt;Överlåtelse; 535 ; 94 ; 21 ; 5 
Lag (1991:1969) om förbud mot vissa dopningsmedel,  2 § 6 p., 3, 3 a §, inkl. grovt;Innehav;1 408 ; 108 ; 8 ; 13 
Lag (1991:1969) om förbud mot vissa dopningsmedel, 2 § 7 p., 3, 3 a §, inkl. grovt;Eget bruk; 518 ; 16 ; 3 ; 5 
Lag (1991:1969) om förbud mot vissa dopningsmedel, 2 § 3 p., 3, 3 a §, inkl. grovt;Framställning; 9 ; 3 ; 50 ; 0 
Folkbokföringslag (1991:481) 42 §;Folkbokföringslagen;7 217 ;2 168 ; 43 ; 68 
Övriga trafikbrott (ej TBL) med fängelse i straffskalan;Övriga trafikbrott (ej TBL) med fängelse i straffskalan; 170 ; 15 ; 10 ; 2 
Sjölag (1994:1009) 20 kap.;Sjölagen, totalt; 319 ; 21 ; 7 ; 3 
Lag (1994:1009) 20 kap. 4, 5 § Sjöfylleri ;Sjöfylleri; 181 ; 4 ; 2 ; 2 
Lag (1994:1009) 20 kap. 1, 2, 6-9 § Övriga brott;Övriga brott mot sjölagen ; 138 ; 17 ; 14 ; 1 
Lag (2014:406) om straff för folkmord, brott mot mänskligheten och krigsförbrytelser;Lagen om straff för folkmord, brott mot mänskligheten och krigsförbrytelser, totalt; 62 ;- 13 ;- 17 ; 1 
Lag (2014:406) om straff för folkmord, brott mot mänskligheten och krigsförbrytelser, 1 §;Folkmord; 14 ; 1 ; 8 ; 0 
Lag (2014:406) om straff för folkmord, brott mot mänskligheten och krigsförbrytelser,  2 §;Brott mot mänskligheten; 23 ; 6 ; 35 ; 0 
Lag (2014:406) om straff för folkmord, brott mot mänskligheten och krigsförbrytelser,  4-11 §;Krigsförbrytelse; 18 ;- 14 ;- 44 ; 0 
Lag (2014:406) om straff för folkmord, brott mot mänskligheten och krigsförbrytelser, 14-15 §;Övriga brott; 7 ;- 6 ;- 46 ; 0 
Lag (1982:316) med förbud mot könsstympning av kvinnor;Lagen med förbud mot könsstympning av kvinnor; 26 ;- 35 ;- 57 ; 0 
Terroristbrottslag (2022:666);Terroristbrottslag, totalt; 23 ;- 8 ;- 26 ; 0 
Skyddslag (2010:305) 30-31 §;Skyddslag, totalt; 864 ; 282 ; 48 ; 8 
Lag (1996:95) om vissa internationella sanktioner, 8, 15 §;Lag om vissa internationella sanktioner ; 12 ; 11 ;1 100 ; 0 
Ordningslagen (1993:1617) 2 kap. 29 §, 5 kap. 3-5 §§;Ordningslagen;3 282 ;1 355 ; 70 ; 31 
Lag (1960:729) om upphovsrätt till litterära och konstnärliga verk, lag(2000:171) om förbud beträffande viss avkodningsutrustning ;Brott mot upphovsrätten; 97 ; 8 ; 9 ; 1 
Lag (1992:1685) om skydd för kretsmönster för halvledarprodukter, lag (2018:1653) om företagsnamn, patentlagen (1967:837), mönsterskyddslagen (1970:485), växtförädlarrättslagen (1997:306), varumärkeslagen (2010:1877);Brott mot det industriella rättsskyddet; 147 ; 34 ; 30 ; 1 
Övriga författningar;Övriga författningar;2 429 ; 297 ; 14 ; 23 
